Cutting_Method,Material_Type,Voltage_V,Current_A,Pulse_On_Time_us,Pulse_Off_Time_us,Wire_Speed_mm_min,Dielectric_Flow_L_min,Wire_Offset_mm,Spark_Gap_mm,Material_Thickness_mm,Discharge_Energy_J,Duty_Cycle_pct,Power_Consumption_kW,Material_Removal_Rate_mm3_min,Surface_Roughness_um,Wire_Wear_Rate_pct,Process_Efficiency_pct,Estimated_Cost_per_Hour_USD
Wire EDM,Stainless Steel,56.3,20.1,48.5,227.3,286.8,22.6,1.35,0.069,7.2,53.96,17.59,1.121,1157.83,7.3,0.043,43.7,11.92
Wire EDM,Mild Steel,239.7,13.8,87.4,114.9,125.4,19.8,1.41,0.063,31.9,286.4,43.0,3.278,431.58,7.77,0.473,98.7,17.46
Wire EDM,Brass,194.3,43.8,13.9,76.1,151.3,4.8,1.93,0.024,25.8,119.26,15.4,8.488,2604.57,1.95,0.134,38.7,36.74
Wire EDM,Titanium,183.5,18.5,95.1,115.7,373.9,18.1,1.88,0.055,62.6,314.24,45.4,3.415,736.73,18.84,0.295,99.6,24.0
Wire EDM,Aluminum,213.9,26.8,183.3,187.3,142.7,8.4,3.25,0.047,48.8,1075.85,49.36,5.7,2133.37,5.31,1.105,98.6,27.3
Wire EDM,Titanium,248.0,28.2,17.4,120.7,398.6,14.6,4.88,0.131,5.9,123.3,12.65,6.999,1187.49,8.34,0.099,31.5,33.85
Wire EDM,Copper,293.0,46.9,104.0,78.4,268.9,21.5,3.03,0.038,33.0,1400.12,57.53,13.858,6925.76,4.07,0.708,98.7,57.65
Wire EDM,Copper,109.9,18.2,115.6,76.9,306.2,21.0,4.91,0.085,14.4,233.44,60.59,1.987,2990.41,4.29,0.103,100.4,17.1
Wire EDM,Aluminum,228.2,26.9,136.0,154.6,364.9,12.9,1.99,0.019,6.6,837.55,46.88,6.078,5383.2,4.45,0.343,98.6,31.39
Wire EDM,Aluminum,119.6,31.7,110.2,232.2,358.8,15.7,1.97,0.076,35.5,407.63,32.29,3.78,6128.03,4.21,0.174,80.7,25.04
Wire EDM,Mild Steel,150.7,23.7,173.0,139.6,116.6,12.9,2.69,0.049,23.7,633.58,55.28,3.597,692.94,10.88,1.092,100.2,18.52
Wire EDM,Aluminum,91.6,31.7,46.7,134.3,70.5,11.3,4.94,0.047,63.8,135.24,25.76,2.93,1246.53,2.69,0.3,64.1,17.15
Wire EDM,Mild Steel,194.8,34.8,150.9,88.3,254.5,14.1,4.41,0.032,77.1,997.19,62.69,6.792,2237.43,10.28,0.786,100.3,34.14
Wire EDM,Mild Steel,204.8,28.1,118.8,185.2,377.1,7.5,3.86,0.043,34.7,690.72,38.92,5.734,2689.16,9.03,0.362,98.7,32.35
Wire EDM,Stainless Steel,184.4,32.8,30.8,114.7,74.1,8.4,2.14,0.071,45.7,184.08,21.37,6.085,498.01,5.82,0.56,53.4,26.1
Wire EDM,Titanium,116.1,53.9,149.8,109.9,148.6,7.6,2.37,0.106,69.0,937.72,57.39,6.309,835.04,24.47,2.144,98.6,29.23
Wire EDM,Titanium,209.3,19.4,149.5,199.0,199.7,3.2,1.3,0.134,72.8,608.69,43.19,4.067,406.33,23.71,1.002,100.3,23.45
Wire EDM,Mild Steel,274.7,16.6,53.7,54.9,323.0,22.5,2.63,0.097,16.6,251.19,49.81,4.603,1365.44,6.37,0.147,100.0,25.0
Wire EDM,Tungsten Carbide,250.6,52.5,163.1,139.8,325.6,5.4,4.49,0.13,21.7,2186.59,53.8,13.105,966.5,48.05,3.201,98.9,53.88
Wire EDM,Stainless Steel,291.7,20.4,130.1,159.0,393.4,14.8,4.76,0.026,77.8,759.25,45.42,5.923,1602.98,11.8,0.443,99.1,34.6
Wire EDM,Stainless Steel,146.3,36.7,54.7,220.6,50.6,23.4,3.15,0.111,60.6,296.7,19.82,5.323,383.59,7.61,1.275,50.0,24.96
Wire EDM,Copper,176.8,41.7,68.6,219.5,244.0,7.2,3.66,0.063,61.1,495.87,23.84,7.359,5559.93,3.25,0.272,59.9,36.97
Wire EDM,Brass,166.2,29.3,46.7,154.3,365.4,20.5,1.68,0.022,43.7,229.23,23.16,4.901,4347.02,3.67,0.102,57.7,28.11
Wire EDM,Aluminum,296.0,38.6,154.9,178.8,360.1,15.7,3.87,0.064,35.0,1732.4,46.59,11.515,7691.92,5.0,0.769,98.9,52.48
Wire EDM,Inconel,62.6,18.7,170.4,183.2,330.5,17.7,4.95,0.093,76.3,204.16,48.3,1.176,482.98,36.21,0.242,100.3,15.75
Wire EDM,Inconel,162.5,46.3,168.8,144.2,322.2,13.7,1.96,0.072,58.5,1249.78,53.75,7.583,1136.13,34.6,1.566,98.8,36.07
Wire EDM,Tungsten Carbide,151.9,34.8,86.1,96.2,197.1,22.9,3.34,0.107,69.3,462.39,47.12,5.234,377.67,36.03,1.179,100.4,26.58
Wire EDM,Aluminum,172.1,20.0,99.7,147.1,284.1,20.6,3.9,0.128,74.0,353.07,40.42,3.47,3094.72,3.96,0.181,99.4,24.56
Wire EDM,Titanium,62.6,25.9,46.3,113.6,316.4,11.3,4.01,0.126,23.9,73.18,28.68,1.623,904.35,13.37,0.08,72.8,14.53
Wire EDM,Mild Steel,287.4,16.0,9.0,54.2,94.2,17.7,3.26,0.041,57.5,42.05,14.15,4.608,382.41,2.49,0.09,35.9,22.32
Wire EDM,Mild Steel,282.2,36.7,182.1,169.5,379.5,7.4,3.37,0.126,23.2,1908.28,51.59,10.395,3545.74,11.67,0.998,98.6,47.09
Wire EDM,Brass,67.2,40.6,7.5,131.8,221.6,12.5,2.45,0.135,39.5,20.04,5.35,2.73,3631.27,1.47,0.016,13.5,18.32
Wire EDM,Copper,130.6,18.5,187.3,151.2,207.8,19.5,3.28,0.104,30.2,452.38,55.14,2.415,2041.51,5.35,0.287,99.7,17.51
Wire EDM,Mild Steel,179.2,15.5,52.1,137.4,244.3,8.3,2.9,0.11,38.6,140.52,27.38,2.772,932.08,6.2,0.118,68.8,18.36
Wire EDM,Brass,138.0,30.0,64.8,94.1,302.4,9.9,3.97,0.143,56.8,263.31,40.97,4.121,3648.31,4.34,0.149,100.5,26.29
Wire EDM,Copper,106.9,14.9,7.8,164.9,146.0,24.4,3.21,0.108,14.5,12.7,4.52,1.605,1170.57,1.11,0.011,11.2,11.89
Wire EDM,Inconel,78.5,8.6,100.9,194.4,290.3,6.3,4.24,0.143,11.4,67.09,34.21,0.674,196.17,27.52,0.095,85.2,9.98
Wire EDM,Copper,265.0,59.5,64.5,198.5,263.4,19.3,4.79,0.039,20.8,1026.79,24.36,15.665,8181.81,3.09,0.513,61.4,63.69
Wire EDM,Aluminum,122.0,20.5,172.6,101.5,131.7,8.8,4.16,0.093,65.3,423.85,62.48,2.487,1431.62,5.08,0.493,98.6,17.56
Wire EDM,Copper,159.8,30.8,64.3,140.0,145.3,14.9,2.75,0.094,71.7,320.93,31.54,4.875,2358.46,3.21,0.297,78.8,25.95
Wire EDM,Copper,194.1,47.0,39.2,165.1,204.8,9.1,4.99,0.071,66.1,367.67,19.18,9.106,5101.21,2.42,0.228,47.9,42.32
Wire EDM,Tungsten Carbide,253.4,35.3,93.7,126.5,163.1,24.3,2.62,0.082,79.1,846.08,42.59,8.929,313.86,36.72,2.609,99.7,39.94
Wire EDM,Aluminum,116.8,12.2,61.2,267.9,219.6,3.6,3.52,0.122,58.2,86.22,18.42,1.422,1427.22,3.13,0.06,46.9,15.02
Wire EDM,Titanium,174.6,44.4,104.2,119.9,342.2,24.6,1.97,0.087,33.8,828.23,46.5,7.811,1663.45,19.97,0.801,99.3,37.83
Wire EDM,Copper,255.1,20.6,63.2,189.1,399.6,13.8,1.59,0.085,30.9,333.15,25.07,5.25,4362.72,3.09,0.112,62.7,30.44
Wire EDM,Tungsten Carbide,60.9,46.0,142.5,256.9,185.1,17.6,4.28,0.147,42.1,388.11,35.68,2.806,483.53,46.69,1.074,89.2,16.37
Wire EDM,Titanium,152.5,41.0,35.1,150.2,389.2,10.4,3.77,0.101,68.9,224.1,19.08,6.237,1690.89,11.9,0.191,47.7,33.36
Wire EDM,Stainless Steel,108.7,42.6,61.0,91.8,81.6,24.5,4.04,0.109,12.5,276.81,39.76,4.587,703.54,7.9,0.763,99.4,19.95
Wire EDM,Tungsten Carbide,191.5,48.6,38.1,41.2,354.8,16.6,1.96,0.138,15.7,353.77,47.81,9.261,929.76,24.04,0.512,99.9,40.41
Wire EDM,Inconel,286.3,59.3,63.3,289.8,291.6,13.1,2.21,0.15,69.0,1049.32,17.88,16.93,1334.38,21.9,1.432,45.1,69.27
Wire EDM,Mild Steel,191.5,42.7,150.2,86.1,262.2,13.9,4.62,0.05,64.9,1236.08,63.38,8.199,2819.29,10.53,0.949,99.8,39.9
Wire EDM,Stainless Steel,275.9,40.5,65.2,150.5,252.9,19.1,1.36,0.051,61.1,714.36,30.0,11.183,2154.31,8.4,0.656,76.1,48.31
Wire EDM,Inconel,291.8,21.2,174.7,258.4,213.9,4.7,4.02,0.042,55.7,1092.03,40.25,6.229,355.49,35.07,2.008,99.0,29.04
Wire EDM,Brass,218.2,42.0,119.0,257.3,379.1,5.4,1.94,0.014,71.3,1094.58,31.89,9.113,6201.97,5.91,0.491,78.7,45.37
Wire EDM,Titanium,61.3,7.0,199.2,122.9,132.2,14.8,2.55,0.062,76.2,86.48,61.89,0.43,100.5,28.64,0.218,100.2,9.22
Wire EDM,Copper,58.2,25.4,91.5,287.4,349.4,5.2,3.74,0.086,78.3,134.12,24.1,1.469,4646.55,3.87,0.051,60.6,19.24
Wire EDM,Mild Steel,62.6,23.3,197.8,257.2,121.8,21.3,3.22,0.092,66.0,283.89,43.71,1.467,713.57,11.79,0.487,100.5,12.87
Wire EDM,Titanium,77.5,52.7,30.7,117.3,326.0,16.0,1.06,0.047,14.5,124.79,20.58,4.049,1835.02,10.9,0.129,51.8,22.36
Wire EDM,Mild Steel,231.8,55.0,133.5,137.1,275.2,3.7,4.99,0.129,37.0,1661.96,49.54,12.735,3874.65,9.72,1.211,98.8,54.38
Wire EDM,Brass,145.2,37.9,62.5,167.1,200.6,20.4,1.46,0.102,70.8,345.0,27.42,5.495,3111.91,4.18,0.291,67.9,29.62
Wire EDM,Brass,156.7,41.6,78.0,78.8,373.0,4.5,4.33,0.023,12.2,515.75,50.06,6.526,6238.92,4.71,0.225,98.7,32.99
Wire EDM,Tungsten Carbide,267.0,44.7,193.8,218.8,173.1,15.7,1.85,0.102,21.8,2258.61,47.29,11.903,436.64,53.49,6.804,100.2,48.47
Wire EDM,Mild Steel,202.2,41.2,140.2,76.8,145.6,19.8,4.69,0.059,18.6,1142.96,64.81,8.259,1521.36,10.35,1.565,99.6,34.74
Wire EDM,Inconel,135.2,25.4,145.7,249.3,248.7,4.9,1.21,0.032,51.3,505.57,36.72,3.445,493.09,32.72,0.794,92.7,20.08
Wire EDM,Tungsten Carbide,77.7,42.3,120.7,186.6,157.9,7.9,4.94,0.018,20.3,407.31,39.49,3.304,366.38,41.06,1.256,98.1,16.11
Wire EDM,Aluminum,175.1,50.8,162.2,96.9,351.6,3.9,1.07,0.139,69.7,1449.34,62.69,8.932,9627.08,4.88,0.613,99.2,45.05
Wire EDM,Inconel,258.0,55.6,22.2,255.1,135.2,16.0,3.1,0.065,28.3,315.39,7.98,14.25,587.64,12.52,0.943,20.2,54.83
Wire EDM,Titanium,109.1,13.1,43.5,189.4,316.1,17.4,1.71,0.118,42.1,63.12,18.77,1.428,454.96,13.13,0.066,46.8,14.95
Wire EDM,Brass,87.7,8.8,91.2,122.6,146.1,4.2,3.03,0.053,38.9,68.51,42.94,0.765,525.51,5.18,0.081,99.5,9.95
Wire EDM,Mild Steel,162.4,49.5,132.1,141.3,216.5,6.3,1.25,0.024,72.4,1051.95,48.52,8.04,2626.55,9.62,0.977,99.4,38.14
Wire EDM,Titanium,141.0,55.5,80.5,241.4,287.6,4.2,3.52,0.057,29.7,632.14,24.95,7.787,1746.27,18.29,0.735,62.1,34.93
Wire EDM,Titanium,279.2,22.1,132.9,221.1,95.1,18.6,1.34,0.088,53.3,811.6,37.26,6.195,231.22,23.55,2.945,93.1,27.64
Wire EDM,Brass,54.6,22.0,190.5,165.2,318.2,7.2,5.0,0.032,27.2,232.78,53.56,1.202,2840.25,7.34,0.121,100.2,14.43
Wire EDM,Tungsten Carbide,88.6,14.9,140.1,213.7,365.9,18.9,1.17,0.061,59.0,190.16,39.69,1.327,308.04,44.55,0.249,99.9,15.96
Wire EDM,Aluminum,142.0,57.1,197.0,191.5,148.6,11.4,3.11,0.145,66.3,1626.19,50.34,8.068,4635.01,5.63,1.659,98.7,38.04
Wire EDM,Stainless Steel,121.3,47.0,58.2,274.3,101.6,12.6,4.79,0.041,38.8,328.81,17.34,5.65,976.86,7.8,0.747,43.6,25.0
Wire EDM,Stainless Steel,259.8,40.7,159.3,110.0,150.4,21.3,3.78,0.029,57.9,1679.22,58.57,10.485,1233.74,13.38,2.496,100.0,44.79
Wire EDM,Stainless Steel,244.0,18.1,28.8,82.5,273.6,16.7,1.25,0.127,42.5,127.47,25.94,4.423,1026.22,5.51,0.1,64.5,24.96
Wire EDM,Titanium,216.1,9.7,195.1,111.3,234.1,14.2,4.95,0.088,34.3,408.23,63.85,2.116,239.7,26.9,0.592,99.2,15.14
Wire EDM,Stainless Steel,242.9,45.4,69.8,46.7,241.1,20.9,1.7,0.119,39.8,778.75,60.07,11.096,2180.25,8.82,0.708,99.1,45.92
Wire EDM,Aluminum,271.4,22.4,65.5,139.2,335.4,13.4,1.15,0.101,26.5,406.85,31.71,6.098,4014.15,3.23,0.182,79.8,31.8
Wire EDM,Tungsten Carbide,134.8,15.3,140.0,154.5,329.1,8.9,1.33,0.069,37.3,297.32,47.23,2.054,273.06,44.79,0.433,99.4,16.68
Wire EDM,Titanium,222.4,24.3,13.3,262.3,173.4,25.0,2.1,0.147,76.1,70.04,4.84,5.39,459.62,7.31,0.142,12.0,27.56
Wire EDM,Inconel,58.7,8.7,156.8,159.6,184.0,15.5,3.42,0.105,76.2,79.46,49.82,0.511,125.28,33.85,0.176,99.0,10.04
Wire EDM,Titanium,174.8,26.3,114.5,120.8,141.1,12.8,4.99,0.05,73.7,526.11,48.29,4.63,396.46,21.73,1.239,98.7,24.06
Wire EDM,Brass,217.0,44.0,112.2,126.9,155.0,6.5,3.84,0.108,18.1,1062.38,46.67,9.641,2775.81,5.54,1.152,99.2,40.0
Wire EDM,Inconel,250.9,35.3,124.3,82.7,158.3,25.0,3.88,0.084,62.7,1122.25,59.54,8.94,440.29,30.23,2.812,99.2,39.17
Wire EDM,Titanium,241.9,12.1,103.1,267.3,341.0,14.4,2.22,0.033,75.1,296.8,28.08,2.928,436.35,19.63,0.29,70.2,21.72
Wire EDM,Copper,203.6,10.1,130.0,204.1,253.2,6.8,3.5,0.136,30.3,274.13,38.55,2.071,1335.57,4.64,0.143,96.8,16.49
Wire EDM,Tungsten Carbide,204.5,6.7,178.4,204.2,274.7,9.6,1.98,0.123,35.5,243.75,46.8,1.361,101.73,50.98,0.441,98.8,13.14
Wire EDM,Brass,233.5,52.3,195.2,124.1,179.7,15.4,2.28,0.075,25.1,2347.74,60.64,12.161,3733.19,7.47,2.178,100.2,48.97
Wire EDM,Brass,283.4,44.7,42.0,65.5,398.6,13.3,4.52,0.08,11.8,528.65,39.04,12.602,7162.61,3.35,0.22,97.9,56.44
Wire EDM,Inconel,121.4,5.4,26.0,51.4,142.6,11.0,2.61,0.016,8.8,17.11,33.5,0.653,59.75,13.83,0.048,84.5,6.64
Wire EDM,Stainless Steel,82.2,10.3,77.8,296.6,245.2,11.0,1.58,0.094,35.1,64.05,20.59,0.85,526.01,9.17,0.058,52.4,11.18
Wire EDM,Brass,90.6,59.5,149.2,142.0,167.7,21.2,3.13,0.109,27.5,819.53,51.1,5.409,4106.18,6.52,0.814,99.9,26.29
Wire EDM,Mild Steel,199.2,19.6,132.8,293.5,252.5,8.0,1.21,0.077,44.3,525.37,31.32,3.895,1261.13,9.64,0.412,78.2,22.5
Wire EDM,Inconel,128.4,13.3,139.6,164.3,321.2,23.3,4.49,0.113,9.7,233.22,45.67,1.702,337.0,32.19,0.294,98.8,14.23
Wire EDM,Brass,186.6,42.2,174.2,232.0,331.3,8.8,2.94,0.144,25.9,1355.16,43.26,7.95,5683.33,7.1,0.698,99.5,37.84
Wire EDM,Copper,121.9,36.5,110.9,274.5,188.1,10.6,4.09,0.031,8.2,506.91,28.53,4.487,3712.45,4.24,0.344,72.4,22.43
Wire EDM,Copper,84.3,38.9,119.4,118.0,284.4,14.7,3.55,0.017,36.0,396.65,49.89,3.297,5750.73,4.35,0.188,99.3,22.54
Wire EDM,Inconel,169.4,16.0,193.0,161.9,276.1,23.0,1.36,0.09,45.1,530.11,54.86,2.733,338.4,38.65,0.743,100.3,18.81
Wire EDM,Tungsten Carbide,247.0,15.2,151.1,271.3,151.3,3.8,2.19,0.094,74.6,561.68,35.74,3.765,127.95,48.12,1.834,89.4,20.41
Wire EDM,Stainless Steel,132.7,45.2,131.4,234.1,54.9,10.4,2.18,0.104,19.5,793.39,36.05,5.987,505.37,11.79,3.171,89.1,25.58
Wire EDM,Inconel,130.9,18.6,55.9,92.0,313.8,24.0,2.21,0.111,5.9,137.36,37.94,2.413,445.55,20.1,0.173,94.5,16.47
Wire EDM,Copper,222.6,40.1,188.4,169.8,127.3,24.1,2.91,0.074,79.2,1668.96,52.81,9.0,2776.9,5.54,1.796,100.0,41.19
Wire EDM,Stainless Steel,181.4,34.0,75.5,278.3,89.3,21.2,4.61,0.038,45.2,456.28,21.49,6.16,627.76,9.14,1.158,53.8,27.34
Wire EDM,Mild Steel,163.4,33.2,94.1,61.7,211.8,20.8,3.89,0.065,66.2,518.01,60.49,5.376,1741.54,8.03,0.496,100.4,27.8
Wire EDM,Inconel,57.9,27.5,154.9,247.9,392.4,17.2,2.68,0.149,33.7,252.11,38.77,1.588,852.29,34.18,0.252,96.4,15.96
Wire EDM,Titanium,298.2,26.6,29.8,293.9,342.2,19.6,4.91,0.075,58.9,235.3,9.18,7.889,972.97,10.6,0.226,23.2,39.37
Wire EDM,Mild Steel,252.4,28.1,154.4,274.1,55.5,7.5,1.4,0.015,49.8,1108.43,35.71,7.127,387.6,10.39,3.879,90.7,29.61
Wire EDM,Copper,108.5,55.4,117.3,198.0,320.4,21.0,1.95,0.133,78.9,705.98,37.14,5.984,9541.37,4.32,0.298,92.4,34.76
Wire EDM,Inconel,61.7,23.9,130.4,154.7,233.6,18.3,2.63,0.052,18.8,192.73,45.5,1.467,445.53,30.4,0.329,98.6,11.71
Wire EDM,Tungsten Carbide,189.3,12.4,52.4,81.9,276.3,23.3,4.39,0.023,59.3,120.72,38.84,2.355,191.52,28.31,0.218,98.1,17.74
Wire EDM,Aluminum,169.8,52.8,69.9,288.6,55.4,23.6,4.85,0.026,80.0,625.89,19.4,8.984,1556.35,3.36,1.746,49.0,38.81
Wire EDM,Brass,127.1,24.8,177.1,187.1,331.0,18.9,4.05,0.055,20.2,551.97,48.19,3.175,3331.05,6.86,0.282,99.7,21.34
Wire EDM,Copper,88.1,23.1,79.1,256.6,224.8,17.4,3.74,0.046,66.6,165.48,23.63,2.035,2726.52,3.59,0.094,59.2,17.94
Wire EDM,Mild Steel,181.0,51.1,19.5,247.2,67.0,3.1,1.55,0.098,10.1,176.58,7.27,9.241,833.35,3.78,0.552,18.4,36.56
Wire EDM,Mild Steel,51.7,35.3,7.3,163.5,146.2,24.5,1.07,0.124,55.6,13.57,4.31,1.811,1258.96,2.25,0.018,10.7,14.36
Wire EDM,Copper,248.7,9.3,192.1,189.7,135.1,18.3,2.2,0.126,11.0,457.42,50.47,2.291,669.26,5.46,0.438,99.8,14.52
Wire EDM,Stainless Steel,175.0,28.9,158.0,204.1,350.3,5.1,3.11,0.016,20.9,816.73,43.97,5.055,2014.41,12.73,0.52,100.3,27.66
Wire EDM,Mild Steel,94.8,51.8,8.1,70.1,100.5,21.1,4.28,0.14,27.4,39.93,10.37,4.945,1315.3,2.43,0.079,26.0,22.96
Wire EDM,Stainless Steel,175.2,58.6,15.5,136.8,343.5,10.5,4.08,0.144,34.8,161.75,10.08,10.22,4239.0,4.09,0.102,25.7,46.15
Wire EDM,Tungsten Carbide,71.4,39.0,160.6,237.0,78.7,6.4,3.85,0.099,60.5,442.29,40.07,2.757,168.56,48.07,2.802,98.8,14.86
Wire EDM,Inconel,189.2,33.2,25.1,38.3,244.0,16.1,4.14,0.131,5.9,156.85,39.81,6.31,635.14,14.03,0.254,99.0,28.47
Wire EDM,Titanium,84.7,21.6,101.2,66.4,202.1,12.3,2.94,0.021,23.9,182.33,60.53,1.833,459.17,19.48,0.302,100.4,12.71
Wire EDM,Tungsten Carbide,251.0,23.1,70.3,251.1,350.8,24.4,1.54,0.055,76.0,400.29,21.79,5.852,462.85,31.67,0.588,54.7,32.05
Wire EDM,Aluminum,131.5,20.4,158.2,159.7,376.2,7.4,4.99,0.035,62.6,412.34,49.99,2.706,4084.59,5.02,0.177,98.6,23.12
Wire EDM,Tungsten Carbide,218.2,12.7,64.1,99.8,104.0,12.3,2.51,0.073,49.8,178.51,39.14,2.795,75.01,30.47,0.83,98.7,15.25
Wire EDM,Stainless Steel,77.3,18.7,134.6,106.0,264.4,15.4,3.58,0.101,77.5,192.6,56.27,1.434,986.97,11.85,0.166,99.6,16.2
Wire EDM,Aluminum,161.4,26.5,155.6,208.6,225.2,10.6,1.1,0.025,36.2,683.95,42.4,4.315,3163.06,4.84,0.453,98.9,23.86
Wire EDM,Inconel,74.4,44.7,93.2,63.6,65.6,18.6,1.09,0.058,13.2,315.53,59.95,3.342,229.31,26.34,1.871,99.4,14.58
Wire EDM,Tungsten Carbide,207.4,15.3,133.2,158.9,308.1,22.4,2.8,0.07,5.3,415.44,45.4,3.186,266.54,44.35,0.698,99.6,18.19
Wire EDM,Aluminum,164.4,19.4,173.2,199.2,273.7,16.1,3.45,0.092,31.1,563.85,46.62,3.209,2911.68,5.1,0.313,98.7,20.34
Wire EDM,Stainless Steel,109.6,11.4,77.8,75.8,186.0,16.1,3.3,0.069,41.5,97.42,51.08,1.26,425.21,8.98,0.115,98.9,12.21
Wire EDM,Mild Steel,266.4,57.4,99.5,98.6,184.4,15.4,3.61,0.067,41.9,1540.67,50.17,15.19,2656.52,8.63,1.623,98.6,60.29
Wire EDM,Copper,92.1,30.2,149.8,247.3,242.4,5.5,1.46,0.119,66.7,413.33,37.97,2.756,3973.21,4.87,0.236,93.6,21.33
Wire EDM,Aluminum,124.4,60.0,92.7,134.8,335.9,12.7,4.98,0.119,22.8,704.81,40.82,7.442,11054.79,3.81,0.311,98.8,35.94
Wire EDM,Aluminum,251.4,36.4,108.8,201.0,108.9,24.5,2.17,0.09,76.4,996.49,35.4,9.209,2100.2,4.15,1.399,87.0,40.08
Wire EDM,Titanium,225.4,12.3,33.5,108.0,136.6,21.6,2.57,0.03,52.4,93.59,23.62,2.749,183.2,11.66,0.225,59.5,16.45
Wire EDM,Brass,163.7,31.8,118.5,268.4,346.5,5.0,4.89,0.099,57.3,629.83,30.81,5.195,4531.28,5.9,0.297,76.3,30.02
Wire EDM,Titanium,191.5,31.7,72.0,216.2,66.9,5.2,4.14,0.074,14.3,446.46,24.95,6.01,233.47,16.53,2.202,62.0,24.72
Wire EDM,Titanium,268.6,53.2,23.2,115.5,78.8,17.6,3.6,0.017,51.9,336.01,16.81,14.269,438.14,9.32,1.378,41.5,55.7
Wire EDM,Inconel,52.3,43.3,164.3,297.4,197.8,5.9,1.28,0.064,59.8,363.2,35.45,2.282,654.55,35.44,0.764,88.3,16.34
Wire EDM,Titanium,67.1,36.0,124.0,101.1,172.9,7.7,3.99,0.139,51.2,298.5,54.78,2.435,652.5,21.59,0.585,99.2,15.61
Wire EDM,Titanium,111.9,40.5,53.4,191.0,302.4,9.3,4.77,0.014,68.5,247.46,21.72,4.542,1287.69,14.4,0.269,54.9,27.0
Wire EDM,Aluminum,173.7,11.2,102.4,199.0,234.9,24.5,4.95,0.141,14.9,203.53,34.02,1.94,1440.7,4.03,0.134,85.4,14.42
Wire EDM,Stainless Steel,53.4,16.9,184.9,289.3,189.3,9.3,3.85,0.117,36.8,165.89,39.1,0.903,640.74,13.77,0.191,98.3,10.89
Wire EDM,Titanium,184.1,26.5,128.7,261.0,288.4,4.5,3.79,0.112,68.5,611.23,32.75,4.872,816.56,22.65,0.717,83.0,27.86
Wire EDM,Stainless Steel,53.2,12.5,7.2,154.0,171.3,14.4,4.29,0.046,32.9,4.86,4.5,0.668,427.95,2.85,0.006,11.2,9.21
Wire EDM,Copper,228.1,36.7,20.0,142.0,176.0,14.0,3.27,0.061,24.1,163.44,12.36,8.409,3403.9,1.77,0.123,31.1,36.46
Wire EDM,Inconel,141.0,55.6,39.9,288.9,62.4,20.7,3.86,0.102,21.8,308.08,12.24,7.811,276.35,17.26,1.959,30.4,29.95
Wire EDM,Aluminum,251.1,59.0,191.0,109.6,212.8,9.2,4.38,0.056,46.5,2746.11,63.16,14.834,6720.72,5.46,2.041,99.7,61.01
Wire EDM,Aluminum,233.1,35.1,160.2,113.2,376.3,3.5,3.17,0.099,57.0,1272.16,58.4,8.224,7101.29,5.04,0.53,98.9,42.82
Wire EDM,Tungsten Carbide,173.0,8.3,199.4,242.2,82.6,23.3,4.59,0.083,57.6,284.13,45.58,1.424,37.16,52.82,1.766,98.7,10.4
Wire EDM,Tungsten Carbide,215.6,12.2,61.9,259.9,374.1,11.6,4.33,0.056,39.0,160.21,19.41,2.611,257.67,29.39,0.212,48.0,19.22
Wire EDM,Stainless Steel,184.0,58.1,45.5,108.2,142.8,5.6,1.63,0.106,67.0,492.16,29.33,10.762,1679.51,6.84,0.746,73.8,45.46
Wire EDM,Copper,115.0,59.5,11.1,127.3,208.3,19.5,2.0,0.075,65.3,74.31,7.94,6.888,6831.8,1.29,0.05,20.0,34.65
Wire EDM,Stainless Steel,195.6,19.2,163.5,86.5,72.6,22.9,2.77,0.028,72.9,626.16,65.18,3.721,284.45,13.02,1.888,100.1,19.92
Wire EDM,Mild Steel,145.7,28.5,74.0,275.9,146.2,12.8,1.59,0.096,51.3,310.0,21.15,4.184,1040.36,7.13,0.417,52.8,22.21
Wire EDM,Aluminum,207.7,49.1,160.0,297.7,323.7,10.9,3.18,0.078,73.5,1631.93,34.88,10.133,8515.51,4.88,0.794,87.9,47.16
Wire EDM,Inconel,182.4,47.2,199.9,294.8,85.0,17.5,2.07,0.124,73.8,1675.14,40.81,8.561,319.95,39.14,8.028,100.2,37.28
Wire EDM,Titanium,109.1,22.5,148.9,155.4,257.0,18.5,2.41,0.089,15.7,375.35,49.26,2.47,637.04,24.26,0.465,98.6,15.3
Wire EDM,Aluminum,55.0,31.3,69.7,197.7,332.3,10.5,1.71,0.122,70.1,116.82,25.88,1.729,5512.74,3.2,0.056,65.0,18.29
Wire EDM,Tungsten Carbide,196.5,23.5,67.9,293.6,306.3,12.6,3.56,0.078,28.8,317.44,18.81,4.654,402.62,31.25,0.517,47.3,24.35
Wire EDM,Copper,81.8,45.1,190.0,289.5,187.1,24.9,4.86,0.015,50.2,718.65,40.0,3.669,4538.25,5.61,0.489,99.5,21.82
Wire EDM,Brass,92.0,53.7,22.3,215.9,273.7,22.5,2.79,0.047,23.7,107.31,9.32,4.902,5703.16,2.49,0.068,23.6,26.96
Wire EDM,Inconel,270.4,24.3,78.2,255.3,326.1,15.7,4.03,0.042,38.8,523.05,23.23,6.508,610.21,23.48,0.624,59.1,31.8
Wire EDM,Stainless Steel,186.8,54.4,23.2,182.9,264.8,13.6,1.12,0.142,17.4,241.27,11.18,10.081,2894.45,4.91,0.2,28.3,44.13
Wire EDM,Copper,215.1,21.4,23.7,125.1,242.4,13.8,1.22,0.011,11.6,111.21,15.97,4.601,2711.75,1.9,0.061,40.2,24.5
Wire EDM,Stainless Steel,127.1,26.9,100.4,215.3,81.9,15.0,1.74,0.134,32.7,342.15,31.65,3.417,443.23,10.27,0.907,79.9,17.21
Wire EDM,Stainless Steel,217.0,49.4,85.7,237.4,129.6,4.3,2.55,0.083,77.4,929.0,26.76,10.735,1288.78,9.5,1.565,66.8,44.5
Wire EDM,Titanium,80.1,46.6,38.7,295.6,390.3,20.8,1.5,0.069,79.1,143.89,11.69,3.742,1987.78,12.16,0.126,29.2,25.35
Wire EDM,Tungsten Carbide,189.1,35.4,172.0,197.2,371.0,3.3,3.8,0.092,63.6,1124.62,46.26,6.703,733.25,51.56,1.515,98.7,35.41
Wire EDM,Copper,266.9,53.4,176.2,144.1,279.2,15.6,2.89,0.034,35.2,2529.1,55.21,14.224,7937.18,5.39,1.213,98.6,60.14
Wire EDM,Copper,274.3,6.1,164.4,148.2,148.1,13.8,3.78,0.024,70.2,269.04,53.09,1.671,493.43,5.02,0.246,99.8,15.04
Wire EDM,Aluminum,278.4,27.4,99.5,179.0,180.9,4.2,4.17,0.019,58.2,754.6,35.93,7.632,2695.92,3.84,0.66,88.8,34.88
Wire EDM,Mild Steel,164.1,55.5,142.4,133.9,338.2,14.1,3.54,0.027,7.3,1286.99,51.64,9.049,4796.83,10.2,0.76,98.8,41.98
Wire EDM,Stainless Steel,121.3,26.3,36.8,179.5,387.7,21.9,3.59,0.105,25.2,116.76,16.85,3.208,2119.13,6.12,0.069,42.7,22.11
Wire EDM,Mild Steel,105.9,38.5,188.9,241.0,298.3,9.1,4.58,0.129,39.4,757.15,43.77,4.079,2892.43,11.74,0.501,100.5,24.88
Wire EDM,Brass,190.4,37.7,60.1,214.8,218.6,10.4,2.11,0.056,25.8,435.44,22.06,7.2,3234.85,4.12,0.324,54.2,33.9
Wire EDM,Tungsten Carbide,215.1,42.4,145.7,221.7,399.1,8.7,2.67,0.064,7.6,1345.41,39.71,9.064,952.88,45.4,1.668,99.7,42.08
Wire EDM,Brass,176.8,51.5,168.9,273.4,113.4,5.1,1.51,0.046,65.6,1562.13,37.94,9.138,2313.0,6.73,2.241,95.9,39.36
Wire EDM,Brass,142.9,37.2,95.4,77.4,68.8,17.0,3.32,0.097,40.4,497.84,54.79,5.335,1025.58,5.16,1.256,98.8,25.12
Wire EDM,Brass,152.3,36.3,181.8,186.6,160.7,18.7,4.12,0.078,52.3,985.59,49.48,5.474,2301.66,7.28,1.022,100.0,27.56
Wire EDM,Stainless Steel,82.4,28.9,88.7,154.0,217.1,3.1,3.14,0.112,76.3,216.19,36.73,2.383,1246.24,9.49,0.219,90.9,18.71
Wire EDM,Copper,82.2,26.1,119.8,100.0,338.3,9.6,2.16,0.112,49.7,254.52,54.93,2.167,4685.53,4.45,0.1,98.9,20.29
Wire EDM,Tungsten Carbide,54.8,17.3,197.1,141.1,57.7,14.1,1.49,0.11,64.4,185.46,58.44,0.953,55.87,54.0,1.575,98.7,8.66
Wire EDM,Mild Steel,222.4,27.9,79.1,182.1,216.0,6.4,3.78,0.098,27.6,495.57,30.38,6.176,1516.15,7.4,0.463,75.1,29.8
Wire EDM,Stainless Steel,120.7,48.2,102.1,202.7,322.3,21.3,4.89,0.06,35.7,581.89,33.53,5.865,3213.47,10.49,0.403,82.9,29.64
Wire EDM,Stainless Steel,258.8,41.8,34.1,42.5,229.1,18.9,1.41,0.046,22.3,379.7,44.34,10.81,1911.77,5.95,0.348,99.1,46.18
Wire EDM,Brass,156.5,11.4,171.0,276.5,53.4,6.0,3.59,0.056,72.1,313.41,38.04,1.792,241.64,6.88,0.93,95.3,13.28
Wire EDM,Tungsten Carbide,222.5,31.3,87.2,270.8,108.4,5.9,3.91,0.147,68.3,592.84,24.56,6.962,189.28,35.59,2.82,61.2,30.96
Wire EDM,Titanium,170.8,31.8,178.1,182.0,72.2,17.4,1.05,0.132,44.4,981.48,49.68,5.401,252.72,27.06,4.471,99.9,24.04
Wire EDM,Tungsten Carbide,215.4,18.7,72.4,214.6,184.7,21.5,3.23,0.148,9.1,294.13,25.05,4.056,195.93,33.27,0.769,63.1,18.75
Wire EDM,Copper,62.6,17.2,130.4,159.9,132.2,13.1,4.21,0.073,69.2,139.96,44.58,1.077,1229.34,4.42,0.141,99.6,12.49
Wire EDM,Stainless Steel,247.9,58.0,129.3,274.1,246.8,17.4,2.82,0.058,66.9,1894.42,32.27,14.33,2974.92,11.88,1.696,79.9,60.23
Wire EDM,Stainless Steel,239.8,17.2,71.6,255.1,387.6,9.4,3.09,0.108,8.4,289.37,21.76,4.142,1381.77,8.58,0.17,54.4,25.04
Wire EDM,Tungsten Carbide,103.9,50.4,42.2,115.3,315.0,4.0,3.53,0.104,14.2,226.18,26.77,5.246,882.22,25.54,0.34,67.3,26.22
Wire EDM,Tungsten Carbide,259.7,31.6,104.1,280.5,112.0,15.7,3.92,0.028,34.1,859.45,27.27,8.207,195.26,40.15,3.909,68.0,33.01
Wire EDM,Brass,292.6,29.9,31.0,132.9,295.0,19.5,2.2,0.108,69.6,274.66,19.08,8.772,3464.88,2.98,0.151,47.1,42.84
Wire EDM,Titanium,176.0,43.2,67.9,64.7,173.3,13.6,3.28,0.103,36.3,523.94,51.56,7.571,818.85,16.65,0.994,98.6,32.39
Wire EDM,Mild Steel,100.0,46.3,36.4,99.0,137.7,21.5,3.76,0.051,61.5,163.8,27.05,4.593,1629.07,5.2,0.25,67.5,24.12
Wire EDM,Aluminum,177.7,48.8,140.7,229.5,66.4,11.4,2.67,0.12,56.4,1254.22,37.67,8.714,1723.91,4.76,2.888,94.9,36.49
Wire EDM,Brass,238.8,35.1,122.7,246.6,387.5,9.5,1.71,0.106,19.0,1008.33,33.23,8.361,5417.16,5.9,0.433,83.2,39.84
Wire EDM,Brass,166.6,56.6,12.8,279.3,258.9,20.0,3.5,0.128,27.6,122.8,4.39,9.349,5934.54,1.9,0.08,11.0,42.68
Wire EDM,Titanium,154.0,34.5,22.9,75.3,124.7,10.3,2.44,0.041,61.4,121.89,23.55,5.347,474.25,9.21,0.329,58.2,25.97
Wire EDM,Aluminum,289.7,42.5,67.6,277.6,380.7,11.5,3.16,0.05,73.4,848.39,19.53,12.387,8735.4,3.14,0.344,48.7,57.02
Wire EDM,Stainless Steel,91.8,57.6,109.9,56.7,72.9,17.7,4.09,0.131,36.8,567.31,66.02,5.309,883.44,11.07,1.787,100.4,23.95
Wire EDM,Titanium,55.9,44.4,12.4,31.2,112.3,8.5,1.28,0.125,73.3,30.61,28.41,2.477,528.34,6.94,0.089,70.4,16.01
Wire EDM,Stainless Steel,239.0,37.2,141.7,87.5,374.8,5.3,4.15,0.052,11.5,1279.88,61.75,8.872,2879.39,12.35,0.748,98.8,40.72
Wire EDM,Copper,290.0,12.9,137.1,280.1,328.3,19.0,2.49,0.143,46.5,514.59,32.61,3.704,2281.94,4.65,0.214,81.8,25.36
Wire EDM,Brass,102.9,54.8,171.0,116.1,114.4,16.6,2.01,0.026,55.3,968.15,59.03,5.667,2581.38,6.97,1.417,98.7,27.47
Wire EDM,Copper,74.6,44.9,100.0,132.7,94.9,17.4,1.4,0.097,72.5,331.29,42.93,3.357,2256.07,3.99,0.472,99.2,20.02
Wire EDM,Tungsten Carbide,92.2,22.2,158.2,236.4,274.3,9.1,2.44,0.105,29.9,323.42,40.05,2.058,338.04,46.98,0.595,98.7,14.75
Wire EDM,Titanium,272.8,15.8,148.0,215.6,304.6,22.6,4.4,0.098,65.9,640.94,40.92,4.285,501.31,23.78,0.715,99.6,25.91
Wire EDM,Titanium,141.5,17.3,155.6,240.7,151.8,13.2,3.04,0.066,42.7,384.62,39.54,2.463,283.3,24.24,0.837,98.1,14.65
Wire EDM,Titanium,234.0,31.6,75.0,94.9,220.7,4.4,2.48,0.016,20.5,568.15,44.02,7.39,745.19,16.71,0.862,99.1,32.92
Wire EDM,Copper,258.7,19.5,111.1,98.0,278.8,11.0,3.61,0.127,43.7,556.3,53.57,5.046,2886.76,4.27,0.268,99.5,28.59
Wire EDM,Titanium,160.0,17.6,105.3,122.1,102.6,6.5,3.41,0.124,54.6,295.01,46.15,2.794,195.51,20.33,0.969,99.8,15.75
Wire EDM,Aluminum,60.8,36.5,36.4,195.6,63.7,15.6,1.22,0.046,18.5,83.0,15.72,2.222,1223.03,2.4,0.197,39.1,12.25
Wire EDM,Inconel,201.6,30.9,98.9,104.4,193.8,6.1,3.33,0.117,51.7,616.49,48.32,6.253,479.7,27.21,1.239,99.3,28.62
Wire EDM,Mild Steel,100.6,52.3,103.4,155.9,102.3,5.1,2.9,0.096,7.9,553.29,39.88,5.221,1336.15,8.45,1.07,100.2,23.4
Wire EDM,Tungsten Carbide,180.5,25.4,13.5,163.6,130.3,20.7,4.16,0.063,49.2,62.79,7.66,4.603,179.43,13.75,0.237,19.0,22.38
Wire EDM,Copper,199.6,34.9,55.3,29.1,310.3,3.2,3.09,0.083,33.1,378.41,65.92,6.953,5664.56,2.94,0.166,99.0,35.32
Wire EDM,Brass,203.0,59.5,82.5,94.0,243.2,15.3,1.71,0.088,41.3,1025.68,46.81,12.145,5752.78,4.72,0.698,98.7,50.77
Wire EDM,Titanium,75.1,33.0,158.3,256.0,264.9,18.1,1.21,0.064,52.7,399.48,38.46,2.477,942.24,24.34,0.487,95.3,17.92
Wire EDM,Tungsten Carbide,282.7,27.0,133.0,133.4,387.2,4.3,4.09,0.035,42.1,985.37,50.27,7.699,581.43,43.3,1.333,99.5,37.81
Wire EDM,Titanium,218.5,24.8,132.7,294.3,80.4,9.1,2.6,0.104,35.4,706.14,30.78,5.441,219.01,22.92,3.022,77.8,23.66
Wire EDM,Brass,290.8,20.2,123.2,108.0,375.4,15.6,2.04,0.067,13.0,705.13,53.07,5.927,3088.37,6.06,0.329,100.1,31.26
Wire EDM,Inconel,291.5,36.0,155.1,246.0,386.4,13.1,2.84,0.092,7.1,1590.15,38.33,10.522,1118.97,34.23,1.658,96.3,47.06
Wire EDM,Mild Steel,225.2,19.5,61.0,138.0,312.1,10.5,3.22,0.035,28.5,263.35,30.7,4.364,1543.96,6.81,0.168,77.0,24.64
Wire EDM,Aluminum,268.2,16.4,44.5,91.6,266.5,6.4,1.43,0.139,55.7,197.65,32.77,4.422,2373.3,2.55,0.113,81.9,26.1
Wire EDM,Copper,172.7,59.1,183.6,150.2,127.7,15.7,1.22,0.122,40.9,1878.51,55.01,10.185,4088.28,5.27,2.013,99.9,43.22
Wire EDM,Mild Steel,53.0,16.6,118.3,137.5,264.5,8.7,3.19,0.043,40.4,104.79,46.12,0.88,1078.61,9.36,0.078,100.2,12.23
Wire EDM,Titanium,192.9,58.9,138.8,257.2,302.3,20.7,3.22,0.13,19.7,1605.41,35.22,11.356,1851.61,23.26,1.701,88.3,48.37
Wire EDM,Brass,246.3,21.5,114.6,195.1,189.4,18.2,1.24,0.124,40.7,611.59,36.97,5.278,1615.25,5.71,0.548,92.1,25.99
Wire EDM,Stainless Steel,137.8,42.4,123.1,199.1,277.5,14.8,4.92,0.05,29.4,719.69,38.42,5.837,2345.8,11.61,0.575,96.4,29.92
Wire EDM,Brass,155.5,38.7,83.9,276.0,77.7,10.6,2.25,0.101,58.3,508.09,23.26,6.065,1223.07,4.99,1.099,58.3,27.85
Wire EDM,Titanium,96.0,6.3,146.9,223.4,379.2,18.4,1.32,0.033,12.7,86.52,39.97,0.605,248.69,23.89,0.079,98.3,11.37
Wire EDM,Titanium,71.1,56.2,81.0,100.0,308.2,12.7,1.51,0.084,17.8,314.63,44.62,4.029,1896.36,17.81,0.358,100.4,22.3
Wire EDM,Titanium,292.4,43.4,39.5,187.2,270.9,17.0,3.26,0.083,53.0,495.54,17.37,12.7,1282.72,12.42,0.612,43.4,53.05
Wire EDM,Mild Steel,180.8,46.7,31.6,97.3,237.3,18.1,2.97,0.116,27.5,271.07,24.66,8.46,2819.81,4.79,0.221,61.8,37.53
Wire EDM,Aluminum,90.8,45.5,81.0,138.7,142.0,12.3,1.96,0.117,73.2,340.82,37.0,4.114,3550.72,3.6,0.361,92.8,23.11
Wire EDM,Copper,77.6,30.0,93.3,224.1,222.2,10.1,1.61,0.146,6.7,223.36,29.27,2.311,3557.88,3.72,0.127,72.8,15.66
Wire EDM,Tungsten Carbide,127.9,49.0,199.6,192.6,327.0,10.3,4.37,0.143,9.2,1271.6,50.46,6.263,873.73,55.15,1.949,100.2,29.06
Wire EDM,Aluminum,146.2,58.6,53.2,298.5,119.7,19.2,1.38,0.103,20.6,452.75,15.27,8.642,3721.65,2.9,0.594,37.9,35.19
Wire EDM,Inconel,209.6,15.9,178.1,271.2,126.2,5.5,3.53,0.055,17.6,585.57,39.34,3.352,152.15,35.3,1.913,99.0,16.16
Wire EDM,Brass,242.7,18.7,102.5,221.9,168.4,24.3,4.04,0.018,31.7,455.54,31.62,4.503,1258.71,5.32,0.462,79.2,23.02
Wire EDM,Inconel,233.3,6.2,78.7,228.2,137.7,3.9,3.83,0.088,45.7,113.77,25.68,1.448,65.99,24.08,0.338,64.2,11.34
Wire EDM,Titanium,67.2,13.5,62.7,102.1,178.5,3.0,3.55,0.063,18.9,55.24,38.32,0.912,254.14,15.91,0.107,95.2,8.83
Wire EDM,Inconel,241.4,13.5,60.2,140.7,162.7,5.1,3.64,0.016,75.3,192.4,29.68,3.233,168.42,20.51,0.486,74.7,19.41
Wire EDM,Copper,62.3,17.1,145.0,75.5,372.4,17.4,4.71,0.126,40.1,155.76,65.58,1.071,3491.37,4.87,0.056,98.6,16.3
Wire EDM,Mild Steel,233.6,50.9,20.2,72.7,231.8,5.2,1.92,0.064,19.5,242.44,21.77,11.997,2959.99,3.83,0.21,54.6,49.45
Wire EDM,Inconel,225.6,28.5,25.3,240.4,242.5,14.1,3.63,0.085,50.0,166.9,9.6,6.436,556.04,13.96,0.267,23.9,31.46
Wire EDM,Brass,202.1,36.0,46.7,235.2,374.2,8.6,4.85,0.073,34.8,344.38,16.73,7.29,5394.17,3.74,0.15,41.3,36.47
Wire EDM,Brass,55.4,50.2,139.5,133.3,243.8,15.2,4.7,0.032,7.8,384.6,50.77,2.774,4919.64,6.17,0.27,98.7,17.3
Wire EDM,Aluminum,233.6,44.8,159.6,117.9,339.0,18.2,3.3,0.137,49.6,1650.25,57.78,10.481,8018.34,4.82,0.77,99.2,49.41
Wire EDM,Tungsten Carbide,282.6,11.6,155.2,243.9,347.3,23.4,3.54,0.099,9.1,509.51,38.75,3.282,221.49,48.22,0.717,97.6,20.26
Wire EDM,Inconel,238.2,36.6,22.6,136.0,325.2,6.3,2.34,0.077,60.9,197.6,14.18,8.7,926.21,13.08,0.246,35.6,40.32
Wire EDM,Tungsten Carbide,213.1,15.8,125.1,237.2,136.2,4.6,4.11,0.055,74.3,410.84,34.65,3.362,118.47,42.32,1.555,85.5,18.8
Wire EDM,Brass,204.1,59.5,91.2,82.7,65.7,21.0,1.8,0.062,61.8,1130.97,52.04,12.036,1605.78,5.2,2.872,100.1,47.87
Wire EDM,Stainless Steel,126.3,30.9,69.7,231.1,124.2,15.0,4.0,0.087,51.7,280.05,23.26,3.916,779.19,8.88,0.487,57.6,19.99
Wire EDM,Aluminum,247.3,39.0,15.4,199.9,52.9,11.6,2.09,0.129,54.5,151.77,7.08,9.716,1127.53,1.51,0.429,18.1,39.18
Wire EDM,Brass,171.2,37.8,22.2,68.6,388.4,15.3,3.85,0.016,74.2,141.98,24.44,6.503,5702.9,2.53,0.061,60.9,37.61
Wire EDM,Copper,253.0,39.4,176.3,276.8,335.2,3.6,3.22,0.049,16.4,1799.27,39.03,9.886,7025.11,5.41,0.704,97.5,44.67
Wire EDM,Aluminum,193.2,28.5,65.9,194.6,207.2,5.9,3.61,0.091,56.3,356.38,25.11,5.527,3275.16,3.26,0.268,63.8,29.3
Wire EDM,Titanium,129.4,35.7,190.0,119.3,161.2,22.4,3.91,0.117,71.0,873.19,61.32,4.614,632.64,27.98,1.862,99.0,24.55
Wire EDM,Stainless Steel,82.9,6.4,197.3,222.9,262.0,16.5,3.39,0.042,7.0,102.04,47.22,0.527,350.1,14.57,0.09,98.9,9.18
Wire EDM,Inconel,84.4,15.6,11.3,231.7,55.3,8.9,2.65,0.114,79.1,15.11,4.61,1.328,69.36,9.34,0.108,11.6,10.64
Wire EDM,Aluminum,156.9,47.7,123.5,258.1,302.1,11.7,4.76,0.09,45.2,932.13,32.5,7.415,7622.54,4.35,0.481,81.5,36.53
Wire EDM,Tungsten Carbide,296.0,7.2,80.5,239.0,386.9,7.2,2.76,0.134,63.0,169.36,25.03,2.122,158.65,34.71,0.227,62.9,19.32
Wire EDM,Stainless Steel,230.7,11.2,156.9,286.2,293.6,6.0,2.65,0.073,18.4,407.6,35.56,2.568,670.78,12.82,0.31,89.2,17.95
Wire EDM,Stainless Steel,72.8,43.8,128.6,84.4,297.5,19.0,4.9,0.096,17.0,411.3,59.82,3.168,2638.97,12.04,0.313,98.8,19.34
Wire EDM,Mild Steel,154.9,22.0,154.9,176.8,269.3,5.6,1.53,0.038,51.7,520.05,46.66,3.432,1485.02,10.27,0.401,99.0,22.02
Wire EDM,Inconel,163.4,29.3,122.2,62.7,358.8,9.1,3.51,0.125,20.6,573.98,65.5,4.773,803.84,29.22,0.655,99.7,25.7
Wire EDM,Stainless Steel,62.3,27.9,39.8,208.2,263.9,18.2,3.38,0.12,18.3,68.99,16.07,1.753,1469.26,6.48,0.058,40.0,13.71
Wire EDM,Tungsten Carbide,260.8,8.6,96.8,79.1,350.8,10.2,2.66,0.039,20.7,211.36,55.11,2.264,167.9,36.7,0.314,99.7,16.99
Wire EDM,Copper,156.8,51.6,55.6,184.4,268.1,23.4,3.46,0.079,59.7,449.79,23.31,8.153,7292.2,2.92,0.22,57.5,39.58
Wire EDM,Stainless Steel,234.4,16.4,125.0,161.0,65.9,10.7,4.22,0.04,53.0,486.0,43.49,3.811,218.42,11.65,1.646,98.7,19.03
Wire EDM,Tungsten Carbide,231.1,38.9,10.7,60.9,165.7,10.4,3.69,0.138,64.8,97.03,14.94,9.013,366.52,12.54,0.287,37.6,38.62
Wire EDM,Mild Steel,258.8,21.5,146.4,144.8,237.6,7.6,3.74,0.122,71.6,807.44,50.75,5.54,1241.18,10.58,0.691,100.2,29.93
Wire EDM,Tungsten Carbide,96.8,11.4,157.6,147.0,350.2,18.6,2.09,0.022,70.8,172.57,52.08,1.099,222.13,47.08,0.246,98.6,14.93
Wire EDM,Stainless Steel,160.9,6.4,99.1,174.8,116.6,23.3,3.93,0.083,63.2,99.87,36.45,1.036,156.65,10.45,0.19,90.9,10.87
Wire EDM,Stainless Steel,51.0,56.3,139.0,206.5,80.5,13.3,1.18,0.083,54.4,394.62,40.29,2.861,948.84,12.12,1.081,99.1,16.0
Wire EDM,Inconel,217.8,20.0,35.7,50.1,385.4,15.3,1.41,0.086,46.2,153.37,41.98,4.382,604.86,15.93,0.16,100.3,26.33
Wire EDM,Mild Steel,82.5,30.9,136.7,92.9,68.8,12.4,1.72,0.093,49.5,355.51,59.78,2.555,525.5,10.13,1.026,99.8,14.8
Wire EDM,Inconel,191.9,10.1,161.5,233.9,84.0,9.8,3.58,0.117,40.3,321.42,40.55,1.954,65.32,34.28,1.462,100.3,11.36
Wire EDM,Brass,163.3,6.7,97.7,137.1,211.4,6.8,4.07,0.095,14.6,104.35,41.87,1.101,560.63,5.3,0.086,99.6,11.12
Wire EDM,Tungsten Carbide,109.6,18.4,36.0,154.0,73.1,7.6,3.78,0.07,78.5,72.89,18.89,2.024,73.26,23.18,0.504,47.6,13.51
Wire EDM,Stainless Steel,198.0,30.5,113.2,256.7,111.7,24.0,1.28,0.025,66.1,694.74,30.53,6.038,703.55,10.78,1.386,77.1,29.16
Wire EDM,Mild Steel,239.3,41.3,93.3,120.5,265.5,12.8,1.82,0.133,27.5,938.38,43.8,9.966,2813.11,8.32,0.712,100.5,43.49
Wire EDM,Tungsten Carbide,261.9,51.9,17.2,271.3,388.8,3.0,3.24,0.147,13.2,230.74,5.91,13.574,1127.1,15.98,0.304,14.9,56.59
Wire EDM,Aluminum,215.6,31.1,41.7,128.2,373.6,21.5,1.62,0.15,55.3,273.47,24.33,6.64,6377.18,2.53,0.115,62.0,35.4
Wire EDM,Tungsten Carbide,265.0,54.1,140.6,284.0,268.1,13.0,2.7,0.125,33.9,1982.54,33.06,14.195,805.7,45.98,3.807,82.4,59.52
Wire EDM,Brass,58.4,7.1,99.2,141.9,253.1,24.2,1.32,0.112,44.5,42.02,41.35,0.413,719.54,5.3,0.027,99.0,11.23
Wire EDM,Stainless Steel,221.0,34.7,118.0,206.7,366.3,14.8,1.04,0.074,73.0,908.92,36.22,7.646,2674.43,11.15,0.538,91.2,39.85
Wire EDM,Copper,231.7,36.0,17.0,147.2,109.2,4.1,4.96,0.123,51.8,139.99,10.27,8.342,2150.41,1.61,0.169,25.8,37.76
Wire EDM,Mild Steel,235.4,38.2,182.5,245.5,280.7,11.1,1.7,0.12,22.7,1609.66,42.66,8.908,2758.54,11.8,1.176,100.1,41.04
Wire EDM,Tungsten Carbide,242.6,18.1,90.8,207.7,123.8,19.2,2.38,0.1,61.7,389.52,30.22,4.382,123.0,36.99,1.635,76.1,21.57
Wire EDM,Tungsten Carbide,168.6,13.0,174.7,89.9,374.5,12.9,3.71,0.145,56.2,372.36,66.58,2.198,277.88,50.35,0.524,100.2,18.59
Wire EDM,Copper,250.6,19.0,118.9,170.4,286.4,8.3,3.69,0.118,44.0,572.17,41.5,4.744,2829.54,4.2,0.257,99.3,27.63
Wire EDM,Inconel,137.9,44.9,54.1,36.3,266.8,4.3,3.38,0.135,21.3,336.97,59.39,6.248,912.66,20.13,0.498,100.0,29.33
Wire EDM,Titanium,274.0,43.3,54.4,154.6,377.7,17.1,4.69,0.049,37.0,661.03,26.17,11.822,1716.72,14.25,0.579,64.9,51.61
Wire EDM,Mild Steel,114.6,49.7,39.7,39.3,392.8,7.4,2.57,0.1,13.1,226.67,50.18,5.709,4765.24,5.34,0.113,98.6,29.66
Wire EDM,Copper,244.3,6.0,102.1,213.6,50.3,3.8,2.56,0.031,29.7,148.68,32.02,1.472,164.31,4.0,0.394,81.2,10.82
Wire EDM,Stainless Steel,185.0,5.2,191.1,262.8,218.7,15.5,4.74,0.06,56.1,182.74,42.21,0.971,226.9,14.39,0.192,98.7,12.32
Wire EDM,Copper,211.9,14.7,12.7,121.4,116.9,18.3,4.59,0.098,31.9,38.57,9.5,3.13,900.7,1.39,0.046,23.7,17.82
Wire EDM,Stainless Steel,248.2,40.4,102.4,291.3,334.1,24.3,1.07,0.057,30.3,1040.41,25.96,9.969,2786.37,10.53,0.701,65.5,45.19
Wire EDM,Aluminum,281.2,7.0,32.6,201.8,214.9,23.2,1.18,0.108,14.8,62.91,13.78,1.961,829.19,2.23,0.045,34.8,14.8
Wire EDM,Stainless Steel,78.5,37.7,125.0,77.5,120.9,10.4,4.34,0.113,35.2,361.51,61.96,2.962,922.32,11.94,0.668,98.6,16.02
Wire EDM,Stainless Steel,80.2,12.8,86.0,221.9,243.7,12.7,4.7,0.016,12.5,90.12,27.99,1.032,619.51,9.63,0.078,69.4,10.62
Wire EDM,Copper,154.1,49.4,155.6,231.6,122.2,17.1,3.09,0.068,75.4,1192.37,39.81,7.564,3233.91,5.08,1.302,100.1,35.53
Wire EDM,Mild Steel,189.4,15.6,197.4,295.3,266.6,22.0,4.95,0.081,39.8,587.67,39.83,2.928,1015.58,11.69,0.447,100.3,19.66
Wire EDM,Titanium,217.5,7.4,130.7,132.2,202.1,10.4,4.22,0.116,8.2,213.4,50.14,1.599,162.98,22.65,0.339,100.3,11.44
Wire EDM,Brass,154.8,46.1,180.2,138.4,88.5,8.0,1.95,0.068,20.0,1316.15,56.08,7.148,1588.3,7.1,2.381,99.7,29.56
Wire EDM,Brass,84.1,44.6,128.2,294.2,120.8,5.8,3.77,0.018,15.2,491.01,30.33,3.726,2134.85,6.15,0.668,76.3,18.86
Wire EDM,Titanium,194.5,35.4,49.8,138.2,232.6,22.0,1.87,0.076,39.7,332.9,26.45,6.937,868.87,13.94,0.483,66.8,32.79
Wire EDM,Mild Steel,154.4,7.4,198.3,246.5,226.5,12.4,2.58,0.123,57.2,221.1,44.58,1.133,425.39,12.11,0.199,98.9,13.28
Wire EDM,Aluminum,211.9,10.0,98.6,125.7,296.2,21.9,3.99,0.013,39.1,212.34,44.29,2.115,1632.32,3.87,0.108,99.8,18.28
Wire EDM,Stainless Steel,146.2,43.0,108.5,127.1,313.5,18.4,3.45,0.091,20.5,689.65,46.16,6.266,2828.89,10.83,0.495,99.2,30.26
Wire EDM,Tungsten Carbide,141.4,39.1,76.3,84.0,245.6,4.5,3.84,0.039,78.6,415.23,47.23,5.526,547.55,33.57,0.882,98.9,29.42
Wire EDM,Aluminum,130.1,54.4,103.2,156.7,69.1,11.2,2.81,0.08,67.2,729.08,39.73,7.123,2084.95,3.97,1.613,99.6,32.49
Wire EDM,Stainless Steel,97.1,53.6,22.0,123.9,112.6,24.1,1.31,0.033,13.4,112.08,14.97,5.174,1267.99,4.73,0.225,37.8,23.53
Wire EDM,Inconel,136.7,29.4,130.7,133.8,72.0,22.2,1.93,0.143,53.4,522.5,49.26,4.031,163.65,31.27,2.953,100.2,19.11
Wire EDM,Copper,191.8,54.4,64.8,243.6,129.4,11.2,2.15,0.128,16.1,667.37,21.2,10.459,3694.33,3.2,0.683,52.2,43.45
Wire EDM,Titanium,90.3,11.4,198.8,214.6,204.3,11.1,1.82,0.109,54.9,210.52,47.75,1.028,256.66,28.02,0.326,98.6,11.93
Wire EDM,Titanium,286.9,56.0,35.4,291.6,241.2,14.2,3.59,0.051,72.2,584.78,10.88,16.225,1461.69,12.01,0.797,27.3,65.23
Wire EDM,Stainless Steel,232.9,54.5,32.2,172.5,157.8,11.8,4.36,0.072,11.9,397.8,15.77,12.714,1729.78,6.05,0.568,39.0,50.09
Wire EDM,Inconel,219.3,57.7,195.3,177.5,221.7,16.3,3.05,0.018,55.0,2456.06,52.61,12.635,992.55,36.9,4.417,99.1,52.3
Wire EDM,Stainless Steel,103.9,53.8,149.6,168.4,204.9,6.6,3.91,0.136,59.6,831.93,47.36,5.601,2206.62,12.56,0.934,99.6,28.16
Wire EDM,Tungsten Carbide,72.1,27.5,183.3,178.0,244.5,18.6,4.02,0.029,19.0,360.86,50.79,1.965,380.85,52.83,0.734,99.6,13.55
Wire EDM,Mild Steel,247.8,13.5,63.5,203.6,272.8,5.7,3.66,0.05,18.5,217.61,23.84,3.314,935.32,6.77,0.16,59.6,19.92
Wire EDM,Inconel,191.4,52.8,127.5,176.2,293.0,5.6,3.05,0.091,68.4,1262.44,41.61,10.069,1236.06,30.04,1.724,99.0,45.43
Wire EDM,Brass,62.2,21.0,129.6,82.9,117.8,16.8,4.06,0.094,17.5,167.48,60.76,1.315,1007.32,5.96,0.242,99.2,10.22
Wire EDM,Brass,255.8,5.7,106.0,145.1,219.7,10.5,4.64,0.024,16.6,151.97,41.95,1.47,504.33,5.58,0.117,99.6,12.77
Wire EDM,Stainless Steel,154.3,55.4,27.7,51.4,56.1,10.7,3.76,0.029,38.1,243.71,35.04,8.629,623.21,5.4,0.952,86.9,33.97
Wire EDM,Titanium,222.0,21.9,45.9,294.8,198.7,19.8,1.45,0.013,41.3,222.24,13.39,4.816,470.71,13.51,0.374,34.0,23.59
Wire EDM,Copper,216.9,46.5,157.6,282.3,121.9,22.8,1.74,0.059,11.8,1622.52,36.14,10.176,3008.89,4.88,1.739,90.0,40.69
Wire EDM,Stainless Steel,74.8,36.8,7.7,72.9,117.0,9.2,4.61,0.085,78.0,20.68,9.5,2.753,891.67,2.86,0.04,23.9,18.16
Wire EDM,Titanium,258.7,59.0,87.7,175.6,192.7,19.8,2.26,0.075,44.0,1338.26,33.22,15.199,1234.37,18.11,2.315,83.1,60.52
Wire EDM,Copper,221.8,51.3,49.0,136.7,394.7,12.4,4.43,0.135,65.2,572.23,26.32,11.267,10960.55,2.81,0.187,66.0,54.55
Wire EDM,Stainless Steel,85.8,27.0,120.2,84.5,373.9,24.5,1.26,0.147,30.4,280.04,59.3,2.299,2106.84,11.54,0.163,99.9,19.0
Wire EDM,Copper,239.1,49.1,188.9,167.6,283.3,23.9,4.95,0.082,16.1,2211.61,52.59,11.737,7331.45,5.6,1.014,100.0,51.56
Wire EDM,Inconel,219.5,58.5,79.6,216.5,103.5,16.7,1.39,0.021,61.4,1038.53,27.04,12.764,477.63,24.25,3.894,67.0,52.19
Wire EDM,Mild Steel,288.1,6.7,88.9,278.3,184.3,9.9,2.51,0.074,7.5,172.18,24.38,1.923,312.52,8.01,0.182,60.8,12.81
Wire EDM,Stainless Steel,192.2,32.0,113.0,187.8,214.4,15.4,1.63,0.018,24.8,698.79,37.47,6.172,1425.78,10.9,0.701,94.1,28.21
Wire EDM,Brass,137.2,45.8,10.2,268.5,169.4,5.1,2.38,0.06,31.3,64.71,3.64,6.302,3120.64,1.74,0.061,9.1,29.06
Wire EDM,Mild Steel,184.6,7.1,133.3,165.2,230.2,12.3,1.08,0.076,6.7,172.79,44.72,1.306,398.74,9.81,0.154,98.9,11.52
Wire EDM,Brass,91.7,21.5,194.0,138.0,272.4,24.4,1.3,0.129,21.1,377.09,58.2,1.974,2385.45,7.45,0.24,99.9,15.88
Wire EDM,Brass,118.3,36.2,108.6,159.2,171.6,4.7,4.29,0.081,27.5,469.64,40.4,4.275,2447.69,5.54,0.456,99.6,22.7
Wire EDM,Titanium,194.2,16.7,192.6,247.5,213.6,23.6,3.13,0.096,62.7,622.14,43.82,3.251,382.7,27.3,0.954,98.8,20.18
Wire EDM,Copper,261.0,27.6,172.7,281.0,271.9,21.6,2.07,0.05,17.0,1258.01,37.86,7.166,3935.8,5.07,0.621,94.8,34.47
Wire EDM,Tungsten Carbide,155.5,54.8,44.4,98.0,60.2,20.4,2.11,0.087,53.3,367.96,31.32,8.57,178.39,26.09,3.107,77.6,33.59
Wire EDM,Tungsten Carbide,274.2,41.9,177.7,172.7,343.9,21.5,1.94,0.09,42.5,1995.12,50.88,11.507,813.74,51.07,2.968,98.7,50.31
Wire EDM,Brass,132.3,37.1,81.0,234.7,132.6,12.3,1.58,0.035,77.7,396.13,25.53,4.917,1966.65,4.75,0.513,63.9,26.0
Wire EDM,Aluminum,290.8,53.4,187.7,168.7,300.5,21.1,1.08,0.145,50.4,2974.46,52.84,15.666,8791.41,5.47,1.469,99.6,64.73
Wire EDM,Brass,275.8,42.7,109.3,112.6,204.8,3.2,4.84,0.14,73.8,1271.81,49.69,11.837,3455.47,5.67,1.026,99.4,50.84
Wire EDM,Tungsten Carbide,247.3,20.1,20.6,236.1,222.1,19.2,4.71,0.057,36.7,104.97,7.96,4.937,244.45,16.91,0.229,20.2,24.54
Wire EDM,Brass,163.3,6.5,15.2,196.1,270.6,20.4,1.54,0.066,52.1,15.95,7.13,1.054,704.25,2.13,0.01,18.1,14.43
Wire EDM,Tungsten Carbide,248.2,22.6,98.3,233.6,141.2,18.1,4.31,0.122,19.9,548.57,29.43,5.652,182.02,38.8,1.92,74.7,24.87
Wire EDM,Aluminum,276.7,58.6,43.7,216.9,109.1,11.8,2.72,0.046,11.7,702.96,16.92,16.091,3508.43,2.58,1.024,41.9,62.77
Wire EDM,Stainless Steel,106.1,16.2,189.5,261.7,143.2,19.4,2.53,0.07,20.5,320.16,42.27,1.727,465.67,14.03,0.514,98.6,12.04
Wire EDM,Aluminum,204.4,54.9,77.1,217.5,210.4,3.2,1.53,0.055,57.0,874.88,26.28,11.268,6345.4,3.39,0.617,64.9,48.44
Wire EDM,Aluminum,167.7,24.5,123.2,221.5,330.8,18.6,4.24,0.011,42.8,502.57,36.08,4.123,4293.12,4.46,0.229,88.8,25.23
Wire EDM,Inconel,282.6,53.3,30.7,105.7,235.6,6.1,1.47,0.016,14.6,472.73,22.66,15.137,1006.14,14.87,0.803,56.4,60.09
Wire EDM,Copper,179.2,29.0,37.2,226.0,221.9,23.9,3.22,0.139,52.7,192.62,14.05,5.151,3381.84,2.42,0.114,35.3,27.61
Wire EDM,Inconel,60.2,24.6,143.3,182.4,222.5,21.6,4.47,0.027,12.0,216.9,43.72,1.471,427.84,32.12,0.39,99.7,11.29
Wire EDM,Mild Steel,181.5,36.4,86.2,62.8,318.9,17.9,4.55,0.014,56.1,575.66,57.73,6.619,2980.56,8.05,0.35,98.7,34.99
Wire EDM,Inconel,163.5,57.5,120.9,61.8,389.4,17.4,4.8,0.055,59.9,1152.59,66.78,9.414,1718.96,29.1,1.178,99.1,43.5
Wire EDM,Stainless Steel,186.8,38.1,23.0,85.1,134.0,20.0,2.6,0.013,20.6,162.6,21.24,7.138,1072.76,4.88,0.268,53.5,30.85
Wire EDM,Copper,275.9,38.2,75.0,62.7,178.6,7.4,2.78,0.064,25.1,795.21,54.02,10.523,3626.03,3.37,0.595,98.7,44.75
Wire EDM,Inconel,219.1,40.6,144.2,284.2,234.5,17.2,1.34,0.076,10.9,1305.93,33.53,8.982,752.03,32.27,2.155,84.0,37.52
Wire EDM,Stainless Steel,279.3,33.2,104.6,154.6,212.6,18.8,4.25,0.06,48.9,985.56,39.96,9.317,1440.53,10.81,1.035,98.6,40.75
Wire EDM,Copper,128.5,44.8,152.7,177.0,332.7,10.5,4.67,0.123,20.8,856.82,46.76,5.729,8067.88,4.88,0.342,99.3,29.94
Wire EDM,Inconel,165.0,27.3,133.3,240.3,304.1,9.7,4.25,0.096,56.8,617.14,35.8,4.532,632.54,30.72,0.775,89.8,25.99
Wire EDM,Aluminum,264.8,16.5,131.5,218.0,202.5,16.8,4.16,0.037,27.6,573.29,37.61,4.327,1773.59,4.4,0.442,94.9,23.28
Wire EDM,Inconel,196.3,16.1,116.0,259.8,67.8,3.2,3.52,0.11,78.5,374.28,31.01,3.166,85.56,28.93,2.161,77.1,17.44
Wire EDM,Inconel,108.0,8.3,8.7,177.2,243.6,8.9,3.59,0.134,13.8,7.86,4.69,0.895,157.35,7.86,0.013,11.7,9.66
Wire EDM,Aluminum,196.9,42.7,184.7,269.6,300.3,13.3,4.53,0.111,34.3,1545.14,41.01,8.433,6887.45,5.32,0.818,98.8,39.05
Wire EDM,Stainless Steel,216.8,12.1,43.9,190.4,85.3,12.2,4.98,0.053,20.7,112.03,18.56,2.643,209.31,6.74,0.306,47.2,13.34
Wire EDM,Stainless Steel,134.4,11.3,49.2,179.4,220.2,24.9,4.14,0.118,62.8,74.98,21.69,1.529,520.37,7.33,0.074,53.3,15.05
Wire EDM,Inconel,290.7,46.6,195.1,255.8,263.4,21.9,1.41,0.089,43.0,2590.15,42.94,13.467,950.98,38.51,4.064,100.0,55.83
Wire EDM,Stainless Steel,88.6,25.0,164.7,109.1,120.7,24.3,4.08,0.011,67.6,364.23,59.9,2.2,608.55,13.5,0.668,99.8,15.11
Wire EDM,Tungsten Carbide,246.8,12.6,88.6,279.0,364.3,23.9,3.06,0.106,75.8,274.57,24.23,3.123,255.28,35.07,0.374,60.1,23.13
Wire EDM,Tungsten Carbide,65.4,46.8,133.7,216.4,365.9,4.3,3.53,0.11,54.5,409.7,38.03,3.055,961.66,44.37,0.553,95.9,22.08
Wire EDM,Mild Steel,256.8,54.5,124.0,97.0,191.4,17.2,4.55,0.097,51.4,1729.43,55.93,14.083,2631.1,9.62,1.855,98.7,57.51
Wire EDM,Tungsten Carbide,231.3,45.7,29.6,297.7,149.4,5.0,3.21,0.083,61.8,306.5,8.96,10.633,381.42,20.49,1.064,22.7,45.16
Wire EDM,Stainless Steel,233.0,51.3,55.7,166.0,93.3,19.6,4.77,0.073,47.9,646.01,25.04,11.89,993.45,7.79,1.606,63.4,48.37
Wire EDM,Aluminum,137.6,20.6,158.0,237.0,285.4,18.7,3.08,0.045,29.6,450.07,40.26,2.827,3107.77,4.99,0.246,98.7,19.19
Wire EDM,Titanium,169.1,29.5,77.0,176.1,255.9,14.4,2.58,0.047,42.4,382.35,30.39,5.031,808.32,17.9,0.51,75.5,25.32
Wire EDM,Inconel,82.3,43.7,173.3,111.8,124.4,13.4,3.99,0.142,32.7,640.17,60.91,3.59,415.05,35.96,1.949,98.8,17.57
Wire EDM,Brass,125.8,31.7,159.3,111.0,256.4,4.1,4.58,0.134,21.2,647.43,58.92,3.958,3221.63,6.85,0.411,99.6,22.63
Wire EDM,Brass,245.3,31.1,145.4,210.4,316.7,14.1,2.84,0.073,38.7,1133.61,40.72,7.675,3978.63,6.37,0.574,99.3,37.46
Wire EDM,Inconel,234.0,40.5,173.9,237.6,250.2,20.5,3.83,0.089,14.3,1653.92,42.0,9.499,795.3,34.91,2.646,98.9,39.83
Wire EDM,Mild Steel,80.1,56.5,40.0,25.3,325.4,8.4,3.82,0.134,38.3,184.36,61.39,4.517,4470.79,5.49,0.108,99.4,26.13
Wire EDM,Brass,145.5,10.0,196.1,207.5,149.9,7.0,4.07,0.032,76.4,288.38,48.16,1.468,588.14,7.53,0.313,98.7,14.0
Wire EDM,Brass,114.5,56.8,180.4,101.1,133.9,16.1,1.95,0.081,42.8,1204.88,63.79,6.48,3051.9,6.95,1.419,99.8,30.72
Wire EDM,Mild Steel,117.3,58.0,136.6,125.4,244.1,20.3,2.22,0.067,11.3,936.92,51.83,6.867,3512.54,10.22,0.774,99.6,31.12
Wire EDM,Inconel,60.4,49.7,192.4,222.7,278.6,6.7,1.24,0.139,25.5,568.93,46.52,3.032,1103.98,37.08,0.846,99.1,17.98
Wire EDM,Stainless Steel,125.2,26.7,29.0,54.4,244.8,9.1,2.73,0.095,76.8,95.89,34.9,3.332,1317.8,5.68,0.088,86.5,22.88
Wire EDM,Brass,102.7,57.7,69.0,277.2,96.8,23.3,3.44,0.011,5.7,400.87,19.95,5.949,2232.67,4.38,0.686,50.2,25.59
Wire EDM,Mild Steel,273.1,49.9,91.8,77.3,390.2,11.3,3.41,0.064,67.9,1274.43,54.81,13.525,4829.92,7.99,0.622,100.0,61.84
Wire EDM,Brass,97.9,49.9,126.9,254.7,127.4,24.6,4.87,0.015,42.0,627.52,33.33,4.837,2616.79,6.03,0.792,82.8,24.15
Wire EDM,Titanium,187.9,41.3,115.3,223.0,247.8,4.4,1.51,0.019,24.5,898.51,33.9,7.764,1115.08,20.9,1.216,86.0,34.94
Wire EDM,Copper,220.2,53.6,5.4,133.9,285.6,17.3,4.42,0.055,68.3,63.38,3.85,11.807,8198.62,0.92,0.029,9.7,51.98
Wire EDM,Tungsten Carbide,183.1,22.4,81.4,127.5,358.0,20.8,4.96,0.042,56.7,343.03,39.29,4.077,440.95,33.6,0.47,96.5,25.05
Wire EDM,Mild Steel,198.1,39.4,70.2,101.4,87.7,8.2,2.36,0.018,30.0,557.59,41.27,7.848,870.04,7.23,1.259,99.7,31.76
Wire EDM,Mild Steel,279.2,25.8,178.6,235.4,323.9,4.4,4.21,0.018,50.8,1281.26,42.8,7.139,2033.02,11.6,0.79,99.7,36.04
Wire EDM,Mild Steel,163.4,30.5,88.5,202.9,85.4,17.3,3.7,0.014,43.8,443.38,30.13,4.935,659.51,8.04,1.054,76.5,22.82
Wire EDM,Copper,138.8,31.5,126.1,107.1,98.2,4.0,1.51,0.092,43.5,556.35,53.92,4.38,1661.22,4.36,0.747,99.7,22.16
Wire EDM,Mild Steel,179.4,41.2,33.2,83.9,336.7,15.3,1.22,0.058,78.2,247.46,28.18,7.327,3403.37,4.89,0.147,70.8,38.96
Wire EDM,Brass,204.0,28.0,36.6,146.3,326.2,3.9,1.88,0.011,21.7,205.68,20.06,5.682,3704.86,3.3,0.106,50.3,29.47
Wire EDM,Titanium,256.5,5.4,6.9,113.8,244.1,6.1,2.76,0.098,73.5,9.48,5.77,1.377,139.4,5.12,0.013,14.2,14.91
Wire EDM,Aluminum,94.6,6.2,169.4,280.8,57.3,17.9,2.52,0.12,13.3,101.96,37.48,0.583,196.01,5.16,0.274,95.0,6.66
Wire EDM,Tungsten Carbide,269.6,8.6,33.2,278.5,328.2,7.2,2.51,0.062,50.0,79.18,10.6,2.298,157.9,21.63,0.118,26.8,17.79
Wire EDM,Mild Steel,207.4,20.4,29.7,159.8,254.4,13.8,3.91,0.12,64.3,126.53,15.57,4.221,1327.21,4.7,0.098,39.2,24.63
Wire EDM,Brass,181.4,31.6,191.4,192.5,253.4,17.0,4.16,0.101,20.5,1123.15,49.81,5.702,3148.9,7.32,0.716,98.8,29.14
Wire EDM,Copper,187.6,12.4,21.4,139.3,173.1,15.8,2.86,0.097,37.0,49.68,13.29,2.34,1137.25,1.82,0.038,33.1,16.6
Wire EDM,Brass,275.4,21.2,102.8,187.3,77.4,9.1,1.91,0.027,32.0,601.85,35.32,5.859,646.51,5.47,1.313,89.2,25.5
Wire EDM,Titanium,299.6,46.4,149.3,280.3,53.0,9.6,4.29,0.12,35.3,2063.75,34.81,13.945,263.04,24.25,13.258,86.3,52.36
Wire EDM,Aluminum,230.8,16.5,50.6,186.5,243.4,13.3,4.26,0.058,11.4,196.69,21.31,3.842,2164.64,2.78,0.124,52.9,20.9
Wire EDM,Titanium,126.4,45.6,102.5,215.1,174.1,8.0,2.7,0.115,62.2,597.55,32.14,5.774,854.05,19.52,1.107,81.5,28.79
Wire EDM,Tungsten Carbide,295.0,16.2,81.2,179.2,115.9,5.4,3.28,0.073,72.1,378.58,30.94,4.784,101.38,34.86,1.673,77.5,22.84
Wire EDM,Tungsten Carbide,121.0,17.8,133.6,83.1,70.1,14.4,1.69,0.13,35.8,281.83,61.17,2.155,69.23,43.07,2.108,100.2,11.27
Wire EDM,Aluminum,127.4,50.0,134.6,104.2,251.3,9.8,1.81,0.11,39.4,842.06,56.92,6.363,6938.59,4.58,0.517,99.2,32.02
Wire EDM,Inconel,165.1,36.7,148.8,139.4,358.3,13.0,3.8,0.11,27.3,907.72,51.95,6.02,1011.85,33.98,1.021,99.4,31.5
Wire EDM,Titanium,224.6,10.3,141.2,80.6,359.9,6.5,4.53,0.085,55.0,318.16,63.95,2.332,406.92,23.44,0.307,98.7,19.09
Wire EDM,Stainless Steel,176.1,47.9,85.0,84.9,122.6,4.0,1.11,0.099,55.7,715.35,49.87,8.418,1179.18,9.31,1.28,99.9,35.76
Wire EDM,Inconel,171.2,8.8,111.9,115.1,382.5,6.1,4.28,0.128,17.8,163.71,48.9,1.5,263.52,28.58,0.172,100.0,14.97
Wire EDM,Titanium,160.2,14.8,144.3,275.5,236.3,12.7,1.19,0.099,44.2,345.47,34.48,2.352,378.98,23.74,0.485,85.2,16.31
Wire EDM,Aluminum,282.2,25.6,51.5,50.8,197.6,24.8,2.35,0.037,55.2,365.81,50.73,7.267,2794.38,2.76,0.284,99.3,33.78
Wire EDM,Brass,130.7,39.5,126.8,284.5,188.3,12.4,1.93,0.025,29.3,635.57,30.92,5.112,2923.87,5.88,0.585,76.7,25.89
Wire EDM,Mild Steel,66.8,17.0,63.8,192.5,394.1,5.2,3.14,0.149,68.8,71.02,25.12,1.138,1723.31,6.87,0.037,62.8,17.5
Wire EDM,Brass,93.8,46.9,139.1,294.9,283.2,4.5,1.07,0.138,38.7,612.34,32.21,4.4,5378.06,6.08,0.35,80.5,24.82
Wire EDM,Aluminum,234.5,46.6,125.9,77.2,181.1,9.5,1.61,0.039,7.8,1410.75,62.11,11.025,4636.89,4.36,1.153,99.8,45.56
Wire EDM,Tungsten Carbide,212.0,20.9,9.6,255.6,165.9,8.3,3.16,0.137,54.9,41.89,3.63,4.45,193.88,11.77,0.127,9.0,21.71
Wire EDM,Inconel,67.5,15.6,128.7,97.7,121.5,5.0,3.37,0.126,74.9,133.38,56.37,1.058,146.4,31.27,0.439,98.9,10.7
Wire EDM,Copper,194.1,58.2,44.3,261.8,218.4,23.9,2.44,0.063,40.3,498.12,14.5,11.282,6668.8,2.71,0.305,36.4,48.71
Wire EDM,Stainless Steel,239.7,55.7,121.1,97.1,304.3,8.7,2.85,0.074,33.1,1627.13,55.02,13.254,3460.55,11.2,1.159,98.5,56.27
Wire EDM,Brass,172.9,55.9,188.4,293.9,180.6,13.8,3.56,0.092,35.7,1770.52,39.39,9.643,4054.11,7.16,1.674,97.2,42.66
Wire EDM,Brass,177.4,31.9,139.3,230.1,277.8,23.4,3.94,0.044,7.6,803.12,37.81,5.679,3586.73,6.32,0.466,94.2,28.45
Wire EDM,Copper,111.9,36.8,134.2,104.7,90.9,5.0,3.85,0.064,58.0,568.35,55.7,4.152,1832.46,4.5,0.807,99.9,22.13
Wire EDM,Tungsten Carbide,196.5,45.4,151.7,283.0,354.3,5.4,3.29,0.122,66.1,1334.58,34.69,8.965,904.29,45.72,1.872,87.2,41.39
Wire EDM,Tungsten Carbide,181.2,41.0,147.9,112.5,181.1,18.5,1.79,0.035,76.1,1095.53,57.15,7.382,401.59,45.63,3.081,99.0,35.06
Wire EDM,Tungsten Carbide,160.2,55.2,26.3,195.7,77.9,4.9,1.5,0.019,7.2,228.87,11.84,8.889,231.86,19.34,1.534,29.7,34.25
Wire EDM,Mild Steel,74.2,33.7,6.4,184.9,395.4,19.8,4.73,0.076,30.3,15.94,3.34,2.52,3431.07,2.19,0.008,8.4,20.03
Wire EDM,Mild Steel,293.8,53.0,162.2,81.8,354.7,11.8,4.34,0.14,6.9,2468.53,66.52,15.712,4770.68,10.66,1.42,99.9,65.36
Wire EDM,Tungsten Carbide,215.1,5.2,129.4,286.3,162.8,16.9,4.49,0.146,60.2,146.28,30.96,1.118,47.71,44.28,0.44,78.5,11.27
Wire EDM,Inconel,296.7,52.1,181.5,244.4,152.9,7.3,1.57,0.083,47.9,2865.7,42.62,15.343,633.43,36.21,7.416,99.6,61.92
Wire EDM,Titanium,274.1,57.5,99.0,184.9,135.2,6.7,4.78,0.108,12.9,1606.5,34.54,15.896,824.26,19.6,3.796,87.6,60.31
Wire EDM,Stainless Steel,216.4,55.8,128.5,180.2,328.4,10.3,1.9,0.091,74.3,1511.12,41.5,12.174,3802.88,11.94,1.06,100.1,55.87
Wire EDM,Tungsten Carbide,252.1,17.3,27.6,38.9,81.2,19.3,4.75,0.114,13.7,119.42,41.8,4.401,78.4,19.49,0.722,99.6,18.76
Wire EDM,Tungsten Carbide,129.9,25.1,137.5,253.0,231.9,16.2,1.89,0.065,45.4,447.26,34.96,3.289,329.91,44.85,0.964,88.2,18.71
Wire EDM,Mild Steel,199.7,22.0,198.1,123.9,398.9,18.5,2.91,0.126,42.1,880.99,61.37,4.436,2171.99,12.2,0.429,100.0,27.97
Wire EDM,Mild Steel,280.8,47.7,172.1,241.7,154.7,20.9,4.65,0.032,6.6,2290.24,41.53,13.387,1828.01,11.08,2.904,100.0,51.62
Wire EDM,Aluminum,225.3,35.1,24.0,105.1,326.9,22.0,1.22,0.141,27.8,191.55,18.62,7.899,6208.64,1.97,0.088,46.8,37.51
Wire EDM,Mild Steel,140.6,52.1,24.9,238.3,350.5,11.3,4.93,0.105,17.6,177.54,9.43,7.321,4687.17,4.14,0.104,23.6,35.39
Wire EDM,Titanium,206.7,27.2,11.6,79.8,221.0,18.1,4.82,0.101,33.2,65.97,12.77,5.64,654.79,6.9,0.099,31.6,27.21
Wire EDM,Brass,52.9,11.4,28.8,197.6,368.0,7.9,3.35,0.148,41.0,17.57,12.62,0.604,1666.4,2.94,0.008,31.7,13.61
Wire EDM,Brass,65.9,55.0,160.1,120.7,334.5,3.4,3.22,0.085,65.9,579.88,57.04,3.631,7453.38,6.84,0.283,100.0,25.77
Wire EDM,Stainless Steel,95.2,38.0,40.1,175.3,330.2,5.7,1.52,0.039,17.1,145.61,18.75,3.584,2640.46,6.58,0.097,46.6,21.82
Wire EDM,Mild Steel,112.1,7.5,189.4,280.4,152.7,14.8,1.56,0.079,28.5,163.16,40.72,0.843,286.49,11.83,0.211,98.6,9.16
Wire EDM,Titanium,124.9,50.8,191.7,218.8,125.6,10.9,1.51,0.097,10.6,1198.44,46.59,6.396,679.52,26.77,3.18,99.4,26.76
Wire EDM,Aluminum,67.6,45.3,199.1,239.2,117.4,11.2,3.63,0.125,50.4,606.76,45.11,3.092,2869.23,5.38,0.804,98.7,17.78
Wire EDM,Stainless Steel,221.0,27.4,69.2,58.2,368.2,20.1,1.59,0.122,25.5,408.93,54.84,6.022,2119.53,8.79,0.247,99.6,32.35
Wire EDM,Inconel,73.9,24.2,116.6,126.5,144.9,5.2,1.19,0.055,61.4,204.53,48.26,1.795,278.7,29.46,0.589,99.3,13.3
Wire EDM,Copper,52.4,33.2,35.3,53.3,182.6,19.2,1.21,0.112,78.1,62.18,39.64,1.743,3287.97,2.31,0.046,100.1,16.65
Wire EDM,Copper,288.2,33.6,145.1,282.7,130.1,17.0,1.35,0.053,62.8,1434.18,34.01,9.602,2305.27,4.66,1.447,84.1,42.09
Wire EDM,Inconel,252.1,5.6,189.9,233.8,376.4,6.0,2.99,0.106,55.8,268.61,44.48,1.398,161.61,38.23,0.276,99.4,16.29
Wire EDM,Brass,111.1,45.6,190.4,263.8,358.1,14.6,3.44,0.095,77.3,974.7,42.24,5.069,6424.0,7.14,0.458,99.5,32.0
Wire EDM,Tungsten Carbide,173.9,14.4,194.1,165.6,287.7,21.3,4.4,0.13,26.8,485.57,53.71,2.479,231.97,52.95,0.866,100.4,17.12
Wire EDM,Mild Steel,283.9,54.1,170.4,97.6,52.1,13.1,2.19,0.025,31.2,2652.1,63.46,15.208,701.73,10.89,10.064,100.3,58.05
Wire EDM,Inconel,51.7,47.3,53.8,155.4,181.0,11.0,4.57,0.085,25.2,135.43,25.8,2.442,654.4,20.25,0.282,64.8,14.62
Wire EDM,Stainless Steel,97.4,7.2,81.9,233.7,365.3,6.5,1.8,0.077,54.9,56.63,25.91,0.702,547.67,9.52,0.035,65.2,14.63
Wire EDM,Tungsten Carbide,82.9,57.7,159.6,107.6,170.4,3.3,3.74,0.017,67.2,760.2,59.85,4.736,545.58,47.69,2.184,99.4,24.48
Wire EDM,Titanium,112.4,47.2,173.5,298.8,136.6,21.1,1.79,0.109,65.7,931.57,36.74,5.271,711.22,26.27,2.264,91.3,25.22
Wire EDM,Mild Steel,118.5,15.6,33.5,21.8,119.9,22.0,2.52,0.083,57.5,63.71,60.24,1.846,455.3,4.9,0.101,98.7,13.63
Wire EDM,Brass,227.9,18.6,179.5,128.0,50.2,17.5,2.29,0.05,26.0,765.75,58.29,4.218,373.29,7.05,2.467,99.8,19.75
Wire EDM,Titanium,132.8,45.8,75.5,242.0,235.1,11.2,3.6,0.039,33.8,469.88,23.6,6.112,1127.39,17.32,0.667,59.6,28.34
Wire EDM,Inconel,281.4,9.1,111.6,139.5,303.9,24.8,1.81,0.111,8.3,280.49,44.49,2.548,220.94,29.34,0.385,100.4,16.85
Wire EDM,Inconel,207.5,11.5,90.0,168.1,233.3,24.0,4.16,0.033,25.6,220.79,34.72,2.408,204.08,26.54,0.361,87.7,15.29
Wire EDM,Stainless Steel,91.4,46.3,79.9,242.6,190.3,9.0,1.74,0.032,21.3,342.11,24.96,4.256,1797.41,9.4,0.395,61.7,21.12
Wire EDM,Copper,188.0,14.4,13.9,79.1,63.7,6.3,4.53,0.14,25.3,38.29,14.99,2.694,500.94,1.48,0.076,37.3,15.11
Wire EDM,Brass,131.1,57.1,177.4,144.5,96.8,22.8,2.18,0.148,51.9,1288.97,54.95,7.52,2181.69,6.97,2.22,99.8,33.86
Wire EDM,Stainless Steel,230.7,42.8,189.4,147.5,269.2,16.3,1.82,0.072,29.3,1836.91,56.36,9.945,2341.94,14.25,1.565,99.4,42.3
Wire EDM,Inconel,73.4,15.0,41.1,261.5,116.1,13.8,3.92,0.101,6.6,44.34,13.49,1.099,136.93,16.99,0.152,33.8,7.69
Wire EDM,Tungsten Carbide,75.1,34.0,146.7,256.5,261.2,11.3,1.08,0.126,62.3,377.83,36.05,2.541,481.05,45.33,0.723,90.1,18.58
Wire EDM,Stainless Steel,185.6,50.0,171.3,103.9,98.7,19.7,4.57,0.124,28.1,1587.65,61.93,9.288,995.35,13.63,3.476,98.6,37.76
Wire EDM,Stainless Steel,177.9,51.0,32.7,275.1,58.4,12.4,1.59,0.102,21.9,303.43,10.6,9.143,621.02,5.8,1.107,26.4,34.96
Wire EDM,Copper,139.3,38.9,28.1,278.1,372.0,22.7,3.42,0.035,44.8,153.18,9.21,5.381,7830.02,2.08,0.056,22.9,30.89
Wire EDM,Inconel,215.4,56.3,163.1,236.9,76.7,3.0,4.73,0.031,54.2,1956.59,40.69,12.181,343.14,34.69,10.047,99.7,49.0
Wire EDM,Copper,86.2,22.8,29.9,233.7,173.4,13.9,2.93,0.146,50.1,59.25,11.26,1.983,2171.53,2.15,0.045,28.4,15.84
Wire EDM,Aluminum,146.2,37.0,87.3,191.8,292.7,19.5,3.81,0.043,5.2,486.24,30.98,5.416,6027.26,3.76,0.242,78.0,28.23
Wire EDM,Titanium,123.7,12.9,171.4,294.0,369.5,8.3,4.31,0.018,15.3,281.09,36.98,1.592,496.19,26.69,0.245,92.4,15.09
Wire EDM,Stainless Steel,169.2,37.7,35.8,59.3,99.4,8.4,1.05,0.126,36.2,232.0,37.62,6.333,767.77,6.38,0.51,94.5,27.83
Wire EDM,Mild Steel,121.7,13.6,176.8,95.2,312.9,14.1,1.04,0.127,56.0,299.23,65.07,1.666,1090.62,11.3,0.189,99.3,16.5
Wire EDM,Stainless Steel,180.4,58.8,29.4,75.1,266.7,7.8,1.73,0.114,46.9,318.26,28.31,10.601,3171.72,5.68,0.265,69.9,47.45
Wire EDM,Tungsten Carbide,98.7,11.0,20.2,185.0,346.3,3.6,2.13,0.086,9.9,22.06,9.89,1.082,212.28,17.33,0.031,24.5,12.36
Wire EDM,Mild Steel,190.9,48.5,13.9,101.2,380.2,3.2,2.43,0.05,34.9,126.34,12.14,9.3,4740.99,3.21,0.066,30.1,44.39
Wire EDM,Stainless Steel,175.5,47.6,9.6,240.9,216.9,22.1,1.15,0.033,56.2,78.17,3.84,8.429,2077.8,3.16,0.083,9.5,38.69
Wire EDM,Brass,161.9,12.2,61.7,198.7,379.0,3.9,3.85,0.106,22.9,125.5,23.74,1.993,1856.94,4.3,0.052,58.7,18.33
Wire EDM,Copper,186.8,58.3,157.4,98.0,82.9,9.9,4.74,0.033,26.0,1700.1,61.12,10.821,2631.39,4.9,2.753,99.0,45.07
Wire EDM,Titanium,285.0,58.4,100.2,140.9,150.3,12.0,3.48,0.105,38.1,1668.98,41.66,16.582,916.95,19.75,3.688,100.3,66.26
Wire EDM,Mild Steel,205.2,40.4,149.5,129.9,337.4,3.2,4.41,0.051,16.9,1231.88,53.05,8.272,3400.03,10.14,0.733,99.8,39.54
Wire EDM,Inconel,77.3,14.9,26.1,288.4,188.9,12.5,2.61,0.019,30.7,30.25,8.25,1.157,214.8,13.86,0.064,20.9,10.12
Wire EDM,Aluminum,130.0,6.7,122.2,152.0,377.8,11.0,2.72,0.076,9.1,108.79,44.97,0.874,1352.17,4.37,0.042,98.6,13.58
Wire EDM,Copper,268.4,29.8,86.8,98.3,362.6,7.0,1.21,0.135,37.1,713.56,46.7,7.95,5942.14,3.69,0.256,100.1,41.22
Wire EDM,Tungsten Carbide,138.7,43.1,80.9,43.0,324.1,16.1,1.31,0.104,51.2,478.5,65.93,6.03,787.35,34.89,0.738,98.8,30.69
Wire EDM,Titanium,174.9,22.4,159.4,228.2,142.0,18.9,4.95,0.142,69.3,629.52,41.24,3.924,331.32,25.41,1.438,99.9,21.57
Wire EDM,Tungsten Carbide,104.0,16.5,42.3,210.7,384.3,11.1,2.46,0.052,28.0,73.98,16.59,1.716,362.82,24.75,0.094,42.1,15.82
Wire EDM,Brass,78.3,14.7,88.5,89.5,258.2,14.9,2.53,0.128,56.6,101.48,49.5,1.154,1556.94,5.1,0.068,100.1,14.08
Wire EDM,Mild Steel,204.1,27.6,101.8,238.2,374.5,5.2,2.78,0.091,7.4,566.23,29.89,5.602,2577.02,8.51,0.301,74.8,28.91
Wire EDM,Inconel,153.2,50.1,142.2,240.7,52.7,11.2,1.9,0.05,71.0,1076.01,37.39,7.721,205.22,31.93,8.483,92.7,31.52
Wire EDM,Titanium,247.6,51.2,106.2,236.1,161.1,6.7,3.29,0.07,46.7,1337.53,31.1,12.65,859.97,20.97,2.774,78.2,50.79
Wire EDM,Titanium,150.8,22.5,35.9,83.1,298.5,5.8,1.47,0.091,34.4,123.72,30.42,3.416,704.88,11.76,0.133,74.7,20.16
Wire EDM,Titanium,57.0,43.9,184.5,108.6,183.8,19.3,1.52,0.074,52.4,457.74,62.62,2.522,853.98,27.0,0.824,100.1,16.53
Wire EDM,Copper,214.8,20.1,187.3,223.1,273.4,15.7,1.41,0.074,49.7,789.6,45.44,4.352,2872.0,5.43,0.391,100.2,25.89
Wire EDM,Inconel,248.9,27.8,99.9,206.4,123.6,12.2,4.56,0.099,38.8,677.19,32.48,6.975,271.02,27.4,2.285,80.9,29.35
Wire EDM,Brass,171.0,38.8,111.6,94.5,309.6,23.4,1.77,0.014,6.7,740.97,53.77,6.683,4693.94,5.52,0.394,98.9,32.59
Wire EDM,Titanium,116.9,31.5,190.9,166.7,243.0,9.5,3.98,0.079,43.4,698.74,53.06,3.658,829.33,28.04,0.952,99.3,21.22
Wire EDM,Mild Steel,116.9,47.3,57.0,256.2,356.2,11.3,3.25,0.058,8.9,308.27,18.22,5.552,4127.09,6.57,0.18,45.8,28.71
Wire EDM,Mild Steel,128.9,29.7,181.6,110.2,99.8,20.4,1.08,0.138,48.0,685.44,62.65,3.849,734.06,11.66,1.369,99.7,19.83
Wire EDM,Brass,53.1,54.1,131.0,167.4,238.5,20.5,3.39,0.127,44.0,374.51,43.91,2.893,5206.18,6.16,0.256,99.5,19.15
Wire EDM,Brass,134.2,26.5,19.3,142.5,250.6,10.4,1.76,0.022,52.1,66.63,11.89,3.537,2661.46,2.37,0.047,29.9,23.13
Wire EDM,Aluminum,186.0,58.9,35.0,169.0,182.5,13.1,1.04,0.074,6.6,390.32,17.22,11.055,5869.42,2.25,0.326,42.9,45.48
Wire EDM,Stainless Steel,158.3,5.5,109.5,72.8,293.0,11.9,4.94,0.047,40.4,96.77,59.87,0.868,332.38,11.18,0.074,99.3,12.89
Wire EDM,Titanium,143.0,17.9,20.3,264.9,70.0,14.4,3.15,0.03,54.2,53.26,7.16,2.554,131.24,9.19,0.248,17.8,14.53
Wire EDM,Tungsten Carbide,158.0,45.8,93.7,52.1,207.4,19.2,3.88,0.11,38.8,675.16,64.62,7.187,522.17,37.06,1.64,99.2,31.45
Wire EDM,Brass,106.2,36.4,23.1,279.8,135.1,22.5,2.06,0.016,42.5,91.74,7.63,3.886,2013.21,2.48,0.109,19.0,20.88
Wire EDM,Stainless Steel,135.3,34.6,186.2,260.5,237.0,20.3,2.94,0.112,63.3,858.96,41.96,4.689,1675.92,14.09,0.804,99.5,25.5
Wire EDM,Mild Steel,274.6,48.5,123.8,179.6,293.5,5.7,1.21,0.131,32.1,1665.49,40.74,13.28,3616.4,9.37,1.141,100.1,55.01
Wire EDM,Mild Steel,260.4,25.6,56.8,279.5,349.7,11.3,1.28,0.051,73.1,378.71,16.93,6.607,2222.04,6.44,0.214,42.2,36.55
Wire EDM,Brass,110.7,29.5,169.0,205.8,170.4,23.9,2.82,0.09,74.2,546.5,44.68,3.241,2002.05,6.9,0.528,99.6,20.91
Wire EDM,Titanium,131.5,25.3,188.6,217.2,61.3,14.1,4.64,0.094,75.9,635.21,46.85,3.295,168.46,26.79,3.491,100.2,17.63
Wire EDM,Tungsten Carbide,139.4,7.4,7.5,205.4,119.4,8.9,1.66,0.113,44.8,7.59,3.52,1.039,48.27,10.49,0.032,8.8,9.07
Wire EDM,Aluminum,180.2,55.7,128.9,156.9,329.2,12.9,1.24,0.071,54.1,1295.13,44.79,9.964,10188.26,4.58,0.622,99.0,46.2
Wire EDM,Tungsten Carbide,281.8,5.6,133.0,194.2,64.6,23.7,3.92,0.133,37.7,207.26,40.39,1.566,20.3,44.96,1.596,98.6,9.42
Wire EDM,Titanium,166.5,27.8,104.6,280.2,186.7,7.2,1.31,0.137,70.1,477.97,27.17,4.649,542.98,19.82,0.887,67.8,24.81
Wire EDM,Inconel,180.2,20.9,46.6,282.5,87.0,21.3,4.01,0.093,29.4,171.11,14.21,3.801,139.33,18.15,0.806,35.6,16.88
Wire EDM,Stainless Steel,132.8,10.4,47.7,142.7,120.3,11.9,1.23,0.026,57.2,64.43,24.82,1.379,260.7,7.05,0.12,63.0,11.79
Wire EDM,Titanium,72.4,5.5,68.8,140.8,325.4,20.9,1.23,0.019,74.4,27.05,32.58,0.401,195.03,16.55,0.029,82.7,13.09
Wire EDM,Copper,279.0,58.7,113.3,146.8,95.6,12.2,1.13,0.051,28.5,1893.58,43.82,16.379,2916.61,4.17,2.569,98.9,62.99
Wire EDM,Stainless Steel,233.4,57.6,109.1,152.5,287.4,7.2,3.89,0.07,41.1,1480.23,41.75,13.456,3363.2,10.7,1.102,100.3,57.08
Wire EDM,Titanium,245.0,25.1,24.7,300.0,261.6,8.9,4.57,0.02,9.3,149.66,7.55,6.139,708.63,9.87,0.194,18.9,28.48
Wire EDM,Brass,121.7,49.1,174.0,296.4,157.9,24.0,1.02,0.127,51.4,1066.7,36.95,5.962,3180.86,7.17,1.127,91.9,29.75
Wire EDM,Tungsten Carbide,50.1,16.5,183.6,260.0,95.4,21.6,1.7,0.047,17.6,155.27,41.66,0.819,84.95,52.73,0.79,99.6,6.53
Wire EDM,Aluminum,268.8,22.1,111.7,217.4,397.6,17.6,2.23,0.133,20.0,652.08,33.63,5.889,4845.04,4.26,0.252,84.1,31.8
Wire EDM,Stainless Steel,162.2,58.1,83.1,227.2,351.6,18.6,4.76,0.02,67.3,769.78,26.75,9.507,4285.2,9.58,0.486,66.3,46.14
Wire EDM,Stainless Steel,294.5,7.8,85.3,230.8,215.4,11.5,3.65,0.1,35.4,195.1,27.08,2.278,337.8,9.69,0.204,67.8,16.07
Wire EDM,Copper,141.2,28.1,56.3,139.9,114.4,14.6,3.64,0.087,79.3,229.08,28.92,3.976,1685.35,3.02,0.267,71.9,23.08
Wire EDM,Aluminum,206.7,50.5,98.5,142.4,332.8,13.2,3.59,0.05,45.4,1032.04,40.96,10.498,9015.32,3.82,0.472,99.7,48.03
Wire EDM,Brass,238.6,41.5,181.3,295.2,266.3,8.1,2.53,0.029,56.0,1752.07,38.38,9.988,4488.47,7.32,1.143,95.1,44.68
Wire EDM,Tungsten Carbide,246.4,54.4,131.5,128.4,286.6,6.9,1.41,0.11,9.0,1764.32,50.87,13.369,842.29,42.93,3.103,99.9,53.57
Wire EDM,Titanium,242.8,53.4,104.2,214.2,320.2,13.7,3.67,0.076,25.8,1390.5,32.73,12.95,1784.39,20.55,1.438,81.6,52.8
Wire EDM,Tungsten Carbide,266.2,43.3,196.2,187.6,55.1,3.8,4.89,0.061,63.4,2325.35,51.17,11.566,133.04,54.32,20.918,99.9,45.87
Wire EDM,Mild Steel,96.2,40.9,44.5,210.3,214.1,17.1,1.06,0.142,74.7,172.66,17.62,3.938,2212.05,5.62,0.166,43.3,23.26
Wire EDM,Mild Steel,200.0,33.3,82.9,170.6,329.5,7.0,1.92,0.108,60.3,539.43,32.42,6.661,2722.61,7.6,0.327,81.1,34.23
Wire EDM,Stainless Steel,266.4,28.2,130.8,281.6,375.2,12.6,2.79,0.016,8.9,1008.35,32.0,7.496,2207.49,12.05,0.577,78.6,36.27
Wire EDM,Stainless Steel,56.7,26.6,67.7,253.5,331.4,10.0,2.15,0.055,40.4,100.43,21.18,1.494,1799.97,8.37,0.068,52.9,15.78
Wire EDM,Copper,277.7,13.9,95.4,246.7,216.6,12.8,4.23,0.048,59.0,363.68,27.97,3.888,1659.67,3.97,0.228,69.5,23.89
Wire EDM,Titanium,108.3,8.2,140.8,251.8,205.5,16.4,3.43,0.119,18.1,125.19,36.16,0.887,183.11,22.95,0.201,88.9,9.3
Wire EDM,Titanium,297.1,23.9,119.6,93.4,388.4,9.7,1.62,0.074,51.3,855.01,55.81,7.057,1000.2,22.02,0.72,100.3,35.71
Wire EDM,Inconel,56.4,13.7,69.9,211.4,106.4,3.9,1.97,0.059,11.3,55.35,24.82,0.766,114.27,22.13,0.205,62.3,6.36
Wire EDM,Titanium,109.4,21.9,92.9,78.9,179.1,11.8,1.09,0.078,37.5,225.59,53.71,2.399,412.49,18.89,0.419,99.4,14.72
Wire EDM,Aluminum,89.7,14.3,102.2,236.5,83.1,16.8,3.8,0.08,62.5,134.44,30.12,1.284,655.29,4.04,0.242,75.8,12.14
Wire EDM,Copper,112.9,21.3,51.0,67.1,121.5,7.2,3.64,0.135,35.8,121.19,43.17,2.39,1371.69,2.76,0.135,98.7,15.59
Wire EDM,Mild Steel,85.4,23.4,91.0,236.0,213.7,9.7,3.79,0.077,31.3,185.68,27.68,1.993,1282.08,7.99,0.171,69.0,14.4
Wire EDM,Brass,143.5,29.8,80.5,86.6,112.8,17.9,1.83,0.073,15.8,349.98,48.22,4.297,1338.79,4.73,0.501,99.6,20.82
Wire EDM,Tungsten Carbide,183.6,28.8,132.2,231.4,130.8,13.4,3.7,0.042,77.2,692.48,36.58,5.299,215.18,42.67,2.667,90.8,26.04
Wire EDM,Aluminum,55.7,12.3,57.8,162.2,284.4,17.4,1.64,0.084,18.0,39.07,26.22,0.685,1881.36,2.97,0.022,65.9,11.46
Wire EDM,Titanium,68.8,45.7,90.4,210.6,362.6,23.0,1.67,0.068,75.6,283.5,30.18,3.152,1728.08,18.46,0.265,74.7,23.26
Wire EDM,Mild Steel,277.4,39.2,126.3,249.1,391.9,5.9,1.77,0.013,77.0,1338.16,33.67,10.87,3869.79,9.43,0.719,83.8,51.41
Wire EDM,Aluminum,179.1,16.7,42.5,206.3,230.9,7.3,4.46,0.049,40.3,124.35,17.19,2.98,2057.01,2.49,0.084,42.5,19.54
Wire EDM,Inconel,263.6,44.2,9.0,188.1,346.8,3.9,3.49,0.144,63.0,103.85,4.53,11.683,1220.79,8.39,0.123,11.4,51.07
Wire EDM,Copper,100.7,23.2,184.9,213.6,318.1,8.6,3.5,0.062,48.8,423.11,46.4,2.316,3866.44,5.44,0.184,99.8,19.85
Wire EDM,Inconel,211.0,16.5,9.9,198.7,109.9,16.5,2.05,0.071,73.9,34.5,4.73,3.46,137.46,8.68,0.126,12.0,19.2
Wire EDM,Aluminum,289.0,41.7,53.1,262.5,169.5,7.5,2.57,0.089,73.2,641.37,16.76,12.117,3938.57,2.89,0.593,42.0,51.29
Wire EDM,Brass,183.8,37.1,137.9,111.7,203.1,10.5,2.83,0.119,13.2,940.21,55.39,6.846,2996.18,6.11,0.793,98.8,31.26
Wire EDM,Copper,110.5,46.3,91.3,54.9,227.4,13.5,3.21,0.107,60.2,467.04,62.42,5.166,5681.63,3.7,0.267,98.6,28.88
Wire EDM,Stainless Steel,85.7,29.8,109.0,256.0,99.0,7.9,1.66,0.132,24.9,280.44,29.62,2.54,610.02,10.76,0.62,75.2,13.74
Wire EDM,Copper,53.5,8.5,149.0,137.6,320.2,18.2,3.61,0.082,23.4,69.18,52.42,0.458,1432.63,4.82,0.027,100.1,11.84
Wire EDM,Stainless Steel,75.2,31.0,43.4,255.2,235.3,19.2,4.67,0.112,20.3,100.25,14.65,2.314,1509.79,7.0,0.094,36.6,15.81
Wire EDM,Copper,263.8,8.5,188.0,186.1,352.9,9.0,3.01,0.047,54.9,429.16,50.22,2.225,1603.54,5.32,0.164,99.7,20.7
Wire EDM,Copper,183.3,35.9,68.4,166.6,275.0,23.6,4.76,0.034,63.3,457.76,29.08,6.524,5279.7,3.35,0.218,72.4,34.47
Wire EDM,Brass,184.1,55.2,142.5,135.6,357.2,16.0,3.93,0.112,13.1,1464.03,50.87,10.241,7716.03,6.41,0.674,100.4,46.76
Wire EDM,Copper,85.0,18.6,24.3,289.3,254.4,9.2,1.55,0.14,37.8,37.45,7.81,1.593,2572.9,2.0,0.02,19.3,15.81
Wire EDM,Mild Steel,115.5,51.4,62.3,211.3,125.4,4.6,1.87,0.105,43.4,373.95,22.6,5.899,1570.87,6.65,0.581,57.4,27.97
Wire EDM,Titanium,51.9,32.7,6.5,217.7,203.3,6.8,2.18,0.052,76.6,10.74,2.92,1.713,728.68,4.97,0.018,7.2,15.34
Wire EDM,Titanium,268.8,28.3,169.4,228.3,359.7,4.4,4.06,0.126,6.7,1292.66,42.27,7.558,1109.31,26.36,1.224,100.2,34.31
Wire EDM,Stainless Steel,110.6,57.0,135.4,287.7,320.0,14.6,2.43,0.107,70.5,832.79,32.22,6.364,3754.49,11.88,0.598,80.2,33.47
Wire EDM,Mild Steel,184.0,14.5,181.2,255.2,224.8,11.9,1.56,0.095,63.8,494.91,41.49,2.656,797.39,11.18,0.423,99.7,19.25
Wire EDM,Stainless Steel,272.5,25.4,145.8,119.0,225.0,24.2,2.63,0.117,61.7,1028.6,55.17,6.957,1200.9,12.51,0.979,99.3,33.75
Wire EDM,Tungsten Carbide,136.5,41.0,43.5,82.8,322.6,17.1,4.24,0.084,60.8,238.68,34.38,5.625,745.71,24.75,0.368,85.8,29.45
Wire EDM,Stainless Steel,53.6,41.7,84.3,253.5,277.5,21.8,3.27,0.144,79.1,193.6,24.9,2.256,2406.19,9.79,0.155,62.6,18.97
Wire EDM,Mild Steel,225.7,50.9,181.9,298.2,262.4,23.4,1.4,0.053,32.5,2121.17,37.94,11.444,3272.66,11.45,1.627,93.8,48.46
Wire EDM,Tungsten Carbide,57.4,8.5,16.7,221.5,380.1,23.0,3.16,0.016,77.4,8.39,7.01,0.489,179.69,15.28,0.011,17.5,13.91
Wire EDM,Titanium,189.6,54.2,46.9,183.2,391.6,8.4,1.68,0.048,51.3,469.01,20.32,10.28,2210.16,13.57,0.42,50.8,47.15
Wire EDM,Brass,266.2,59.1,174.6,293.8,66.4,17.1,3.52,0.092,72.9,2718.23,37.05,15.796,1608.63,7.12,6.791,92.8,62.59
Wire EDM,Aluminum,268.2,22.8,101.2,203.7,352.0,12.3,2.42,0.079,69.1,622.04,33.29,6.164,4361.41,3.95,0.267,83.7,34.48
Wire EDM,Copper,121.8,11.8,192.1,168.9,386.4,16.8,3.82,0.098,54.8,271.37,52.76,1.426,2504.96,5.55,0.093,99.4,18.72
Wire EDM,Aluminum,65.0,16.8,36.2,31.2,291.2,24.9,3.19,0.032,13.9,39.15,53.75,1.099,2607.81,2.4,0.021,99.1,12.66
Wire EDM,Aluminum,264.8,11.8,58.2,264.1,319.8,24.8,1.27,0.087,51.1,180.22,18.12,3.141,2036.59,3.0,0.087,44.7,21.9
Wire EDM,Titanium,54.5,26.4,168.9,125.3,231.1,22.0,1.33,0.051,9.1,242.55,57.46,1.438,646.29,25.14,0.349,100.0,11.13
Wire EDM,Tungsten Carbide,137.7,16.2,68.7,69.8,85.9,4.4,4.09,0.124,60.8,152.94,49.38,2.225,78.33,32.3,0.915,99.6,13.69
Wire EDM,Titanium,153.9,45.6,78.3,156.7,148.9,19.8,2.49,0.124,41.3,540.45,33.3,7.04,709.18,17.36,1.208,82.6,30.27
Wire EDM,Brass,193.7,53.1,141.8,270.6,303.4,13.5,1.74,0.14,9.7,1454.37,34.25,10.264,6303.49,6.21,0.791,86.7,45.38
Wire EDM,Stainless Steel,236.8,13.4,115.6,144.9,360.9,14.3,1.77,0.096,68.5,366.66,44.74,3.175,976.86,11.01,0.229,99.3,23.66
Wire EDM,Mild Steel,74.1,17.3,95.5,249.2,335.8,8.1,2.52,0.14,51.4,125.42,27.61,1.272,1413.47,8.52,0.073,68.8,15.93
Wire EDM,Copper,230.7,24.6,71.1,200.7,143.6,4.5,4.13,0.052,20.1,410.81,26.12,5.657,1878.47,3.4,0.367,65.2,26.24
Wire EDM,Tungsten Carbide,162.4,19.0,173.2,202.5,270.2,23.1,2.02,0.061,71.2,535.41,45.69,3.103,283.06,48.88,1.007,99.4,20.13
Wire EDM,Mild Steel,66.9,11.9,48.6,149.7,83.2,23.3,1.93,0.134,8.1,38.93,24.52,0.79,250.07,5.89,0.094,61.4,6.85
Wire EDM,Mild Steel,273.6,31.1,77.1,246.2,134.4,18.3,3.65,0.116,67.2,650.79,23.9,8.434,1014.72,7.63,1.0,59.7,38.78
Wire EDM,Inconel,116.7,53.9,139.6,252.9,164.6,11.4,1.07,0.061,38.9,880.81,35.81,6.231,701.86,33.06,2.194,88.8,28.21
Wire EDM,Inconel,208.5,58.4,193.8,182.4,314.8,16.0,3.63,0.109,66.0,2356.2,51.99,12.246,1425.31,38.12,3.068,100.3,53.36
Wire EDM,Copper,267.1,41.2,151.3,244.4,105.6,16.7,3.94,0.036,56.1,1646.86,37.93,11.03,2327.51,4.81,2.146,94.8,45.94
Wire EDM,Stainless Steel,115.5,58.7,35.9,169.4,341.0,3.1,2.04,0.019,62.0,241.27,17.62,6.812,4185.41,6.31,0.16,43.9,35.51
Wire EDM,Copper,90.6,12.4,44.7,92.6,79.1,10.9,1.07,0.01,51.6,50.19,32.3,1.122,516.47,2.62,0.083,80.7,11.38
Wire EDM,Tungsten Carbide,152.4,45.6,56.4,76.2,180.4,24.3,2.1,0.107,78.4,385.5,42.18,6.947,446.0,28.38,1.113,99.7,31.83
Wire EDM,Stainless Steel,211.0,46.0,53.2,155.4,75.8,7.2,3.27,0.059,10.3,507.14,25.64,9.703,716.66,7.75,1.513,63.4,38.58
Wire EDM,Brass,159.0,9.1,81.7,116.3,93.9,12.7,3.01,0.083,27.4,114.71,41.29,1.447,341.55,4.94,0.205,99.3,11.03
Wire EDM,Copper,59.3,6.3,139.6,140.9,120.8,21.6,1.59,0.139,9.1,53.03,50.02,0.375,410.95,4.68,0.059,100.1,7.36
Wire EDM,Inconel,277.0,9.2,50.5,223.0,307.9,19.3,4.0,0.048,69.9,126.32,18.31,2.548,225.75,18.87,0.169,46.0,19.87
Wire EDM,Inconel,203.2,59.5,43.8,44.7,90.0,8.2,1.91,0.021,52.7,515.0,49.37,12.158,426.59,18.41,2.344,99.2,48.02
Wire EDM,Aluminum,242.8,15.2,153.2,162.9,160.0,10.3,2.57,0.062,70.8,557.67,48.23,3.712,1318.1,4.76,0.531,99.3,21.65
Wire EDM,Aluminum,92.0,23.7,49.4,118.3,223.8,8.0,4.1,0.132,30.3,109.69,29.61,2.193,2832.81,2.81,0.072,73.8,15.96
Wire EDM,Aluminum,62.3,46.8,187.4,141.1,197.6,19.0,3.78,0.012,65.4,547.64,57.3,2.906,4900.74,5.44,0.427,98.6,19.82
Wire EDM,Aluminum,130.9,5.1,55.0,102.7,126.0,4.0,4.41,0.129,57.1,35.93,34.61,0.667,352.29,2.97,0.045,87.7,10.1
Wire EDM,Aluminum,190.8,17.5,180.3,189.7,317.4,3.3,3.58,0.143,77.9,608.54,48.45,3.344,3000.3,5.12,0.291,99.8,23.99
Wire EDM,Brass,152.8,47.9,86.4,249.5,315.8,23.8,1.98,0.099,64.3,617.33,25.47,7.324,5893.77,5.02,0.341,64.4,38.07
Wire EDM,Stainless Steel,210.2,41.4,82.7,83.1,356.8,8.9,1.74,0.085,9.5,729.02,49.66,8.617,3085.02,9.61,0.445,98.5,39.7
Wire EDM,Aluminum,265.6,50.6,30.5,253.7,174.2,16.1,4.19,0.146,62.8,410.32,10.76,13.408,4850.82,2.21,0.352,26.9,55.71
Wire EDM,Mild Steel,157.3,58.3,100.4,52.6,288.1,11.6,3.58,0.042,61.7,917.65,65.99,9.112,4222.09,8.67,0.644,99.8,43.69
Wire EDM,Copper,108.1,47.0,173.8,185.7,369.2,23.2,2.89,0.023,76.2,906.36,48.16,5.064,9124.28,5.25,0.322,100.1,31.96
Wire EDM,Titanium,55.8,53.4,142.1,117.8,95.6,10.2,1.99,0.135,10.7,428.68,54.69,2.967,531.7,24.31,1.494,99.9,13.75
Wire EDM,Copper,298.0,46.6,56.8,74.2,128.7,12.9,2.92,0.086,12.3,787.92,43.25,13.909,3137.41,3.04,0.805,99.9,55.96
Wire EDM,Mild Steel,299.0,27.5,40.4,85.6,253.0,5.6,1.6,0.141,49.4,328.09,31.79,8.234,1734.62,5.31,0.259,80.6,37.54
Wire EDM,Stainless Steel,248.6,41.9,156.8,284.8,308.7,12.5,1.09,0.072,59.0,1637.61,35.49,10.48,2576.96,12.98,1.172,89.5,46.31
Wire EDM,Tungsten Carbide,64.4,56.9,56.8,93.6,109.7,18.7,3.88,0.028,58.7,209.55,37.7,3.637,343.04,29.12,0.944,94.9,18.85
Wire EDM,Titanium,54.6,10.3,46.6,45.8,68.3,16.8,1.66,0.023,21.3,26.2,50.72,0.561,77.61,13.71,0.124,98.7,5.76
Wire EDM,Inconel,84.4,45.6,148.7,115.7,68.7,9.9,4.76,0.032,38.4,586.77,56.74,3.869,242.91,33.36,3.235,99.5,17.77
Wire EDM,Aluminum,144.6,49.4,33.7,113.5,344.2,4.3,3.77,0.054,52.9,238.02,23.03,7.15,8936.51,2.21,0.108,57.8,37.88
Wire EDM,Stainless Steel,227.2,33.8,76.7,298.4,98.3,4.7,2.33,0.059,26.4,587.95,20.33,7.747,671.25,8.83,1.328,51.1,31.41
Wire EDM,Titanium,150.3,39.2,163.2,247.1,342.5,10.8,3.11,0.141,55.8,956.43,39.71,5.904,1418.94,25.34,0.959,98.7,31.32
Wire EDM,Stainless Steel,59.9,57.7,174.4,191.3,375.6,10.0,2.84,0.126,17.6,593.14,47.82,3.423,4316.44,14.12,0.35,100.3,22.16
Wire EDM,Brass,152.6,25.0,82.8,177.0,157.4,16.3,4.63,0.115,17.6,317.22,31.91,3.842,1529.83,4.93,0.331,79.5,19.56
Wire EDM,Mild Steel,228.0,56.8,113.0,201.5,180.3,5.6,4.37,0.119,35.9,1455.94,35.94,12.954,2496.42,9.3,1.61,89.3,52.71
Wire EDM,Brass,57.8,8.8,32.3,280.1,357.7,10.5,1.5,0.073,71.1,16.21,10.33,0.507,1244.86,3.04,0.007,25.6,15.09
Wire EDM,Titanium,216.5,10.9,196.8,142.7,80.2,11.8,1.86,0.066,13.8,459.45,57.88,2.345,94.46,27.33,1.973,98.8,11.83
Wire EDM,Tungsten Carbide,55.4,54.8,140.8,272.6,333.0,4.7,3.87,0.145,7.8,417.87,34.31,3.046,996.68,46.5,0.643,85.2,18.93
Wire EDM,Copper,51.3,54.3,185.3,199.2,287.4,22.3,1.9,0.039,36.2,515.1,48.01,2.789,8451.19,5.24,0.237,100.3,20.7
Wire EDM,Mild Steel,67.1,41.5,89.5,65.5,114.5,11.4,1.73,0.014,6.5,242.52,57.3,2.772,1219.04,7.81,0.435,100.1,14.73
Wire EDM,Tungsten Carbide,53.8,41.3,43.0,46.7,198.8,21.4,3.04,0.055,22.8,94.59,48.21,2.217,461.62,25.61,0.234,98.5,13.88
Wire EDM,Mild Steel,186.4,10.4,9.7,263.3,237.0,11.5,2.88,0.11,21.5,19.05,3.58,1.934,606.3,2.61,0.016,8.9,14.57
Wire EDM,Aluminum,182.0,43.5,87.1,139.9,280.6,22.0,3.4,0.011,34.1,696.61,38.19,7.964,6644.01,3.7,0.38,96.9,36.56
Wire EDM,Mild Steel,220.2,11.5,48.3,52.5,317.0,10.7,1.99,0.046,64.0,122.27,48.23,2.519,926.25,6.08,0.075,100.3,20.0
Wire EDM,Titanium,59.5,18.6,186.1,231.1,116.3,16.7,2.65,0.089,39.9,200.89,44.7,1.104,228.54,27.05,0.586,99.5,9.47
Wire EDM,Copper,298.0,55.2,34.1,180.7,218.2,9.5,4.21,0.048,39.5,545.43,16.03,16.297,6469.37,2.27,0.353,40.0,67.76
Wire EDM,Brass,152.4,21.3,111.1,134.4,307.4,14.6,4.59,0.128,64.0,357.08,45.18,3.261,2679.61,5.6,0.201,98.9,23.35
Wire EDM,Titanium,84.5,8.5,133.8,146.8,114.8,24.0,2.56,0.054,20.9,94.38,47.4,0.716,102.33,23.5,0.279,98.8,6.92
Wire EDM,Stainless Steel,215.4,49.5,181.0,236.3,364.6,18.7,1.35,0.119,36.8,1905.3,43.55,10.723,3590.78,13.98,1.195,100.3,47.55
Wire EDM,Aluminum,293.4,22.1,36.3,297.0,121.8,17.5,2.42,0.143,29.2,232.2,10.93,6.442,1440.98,2.3,0.294,27.4,28.81
Wire EDM,Stainless Steel,95.1,7.4,84.2,282.5,132.6,15.7,2.26,0.147,58.0,57.87,22.97,0.699,205.62,9.31,0.101,57.7,9.9
Wire EDM,Tungsten Carbide,91.9,59.6,88.2,196.5,110.2,22.3,4.58,0.027,39.6,480.1,31.27,5.511,360.27,36.14,2.164,77.8,23.71
Wire EDM,Brass,50.7,7.2,150.5,199.1,91.0,3.3,4.23,0.084,17.9,54.04,42.87,0.366,259.71,6.55,0.098,99.8,6.3
Wire EDM,Inconel,156.0,32.8,144.6,136.9,327.4,12.8,4.63,0.088,39.0,739.47,50.92,5.127,823.37,32.69,0.879,99.1,27.34
Wire EDM,Copper,105.0,38.7,54.2,84.7,255.1,13.2,3.71,0.143,15.9,224.1,39.21,4.083,5152.63,2.9,0.116,97.2,22.75
Wire EDM,Titanium,231.2,55.1,149.8,115.2,67.4,20.9,2.45,0.134,44.6,1903.63,57.06,12.788,403.93,23.62,9.435,98.6,49.92
Wire EDM,Mild Steel,121.2,16.4,85.5,55.7,80.0,9.9,3.66,0.084,41.0,170.62,60.31,2.001,327.11,7.8,0.437,100.0,12.41
Wire EDM,Brass,262.5,42.3,157.9,205.6,378.1,19.7,3.56,0.118,37.8,1719.86,43.15,11.009,6207.23,6.58,0.75,99.1,51.58
Wire EDM,Inconel,114.4,59.0,114.0,165.7,270.8,5.2,4.33,0.069,65.2,769.1,41.13,6.815,1261.39,28.37,1.11,100.4,32.88
Wire EDM,Aluminum,211.3,35.3,47.7,296.4,86.9,5.1,3.15,0.038,40.5,363.87,13.94,7.39,1662.12,2.78,0.611,34.6,32.91
Wire EDM,Mild Steel,281.5,25.7,189.9,231.0,86.8,13.9,3.31,0.034,33.5,1361.8,44.68,7.269,549.73,11.79,3.25,99.6,30.71
Wire EDM,Inconel,81.0,43.9,97.3,187.0,79.0,9.1,2.99,0.08,20.8,354.24,34.49,3.581,265.56,26.19,1.73,86.0,15.82
Wire EDM,Inconel,104.0,21.9,55.2,98.5,139.0,15.0,3.67,0.09,64.0,123.15,36.1,2.278,243.19,20.64,0.365,90.3,14.63
Wire EDM,Inconel,236.3,14.3,129.7,153.0,58.4,19.4,4.75,0.091,11.1,439.28,45.45,3.395,65.05,31.32,2.936,100.0,14.23
Wire EDM,Copper,86.8,59.5,34.0,50.3,288.5,23.9,3.15,0.074,65.1,180.47,40.33,5.122,9428.03,2.36,0.082,99.5,30.0
Wire EDM,Inconel,57.7,43.0,53.1,116.1,227.6,15.8,1.11,0.107,75.3,131.68,31.26,2.472,783.48,19.78,0.23,78.5,17.79
Wire EDM,Inconel,95.0,34.0,180.2,111.1,399.9,9.5,2.42,0.113,72.7,598.1,61.75,3.203,1088.51,36.62,0.566,98.9,23.85
Wire EDM,Stainless Steel,200.5,58.9,18.7,208.3,116.3,21.8,3.21,0.066,64.3,214.54,8.29,11.912,1369.73,4.56,0.428,20.8,48.35
Wire EDM,Inconel,161.8,32.0,96.5,280.6,84.1,9.5,3.24,0.139,22.9,512.46,25.5,5.191,207.16,26.38,2.371,63.4,22.21
Wire EDM,Brass,221.6,29.6,12.5,127.6,332.0,11.3,1.19,0.091,29.4,79.82,9.0,6.568,4007.54,1.92,0.041,22.3,33.72
Wire EDM,Copper,104.9,50.2,181.3,123.7,243.6,5.8,2.22,0.111,14.8,949.13,59.58,5.227,6447.67,5.23,0.519,99.9,26.36
Wire EDM,Titanium,114.7,36.0,119.1,278.8,294.1,16.2,2.67,0.048,35.6,479.29,29.72,4.095,1107.68,21.31,0.566,75.0,23.3
Wire EDM,Copper,297.0,36.3,31.7,88.5,348.4,22.2,3.85,0.036,74.2,349.9,26.16,10.838,6902.79,2.29,0.133,66.3,52.7
Wire EDM,Titanium,139.5,39.8,80.7,126.5,258.8,12.1,1.56,0.025,21.6,459.61,38.67,5.587,1110.88,17.76,0.563,97.7,26.4
Wire EDM,Mild Steel,145.8,35.6,90.3,299.0,351.8,11.4,4.32,0.044,39.3,477.19,23.16,5.164,3074.52,8.01,0.259,58.2,28.41
Wire EDM,Mild Steel,267.9,24.9,40.1,150.2,197.4,15.3,4.85,0.087,46.8,269.01,21.06,6.64,1199.01,5.33,0.267,53.0,31.78
Wire EDM,Aluminum,86.8,5.9,78.0,64.5,392.7,3.6,2.47,0.11,48.4,40.02,54.55,0.515,1274.37,3.53,0.016,100.3,14.88
Wire EDM,Brass,183.7,50.5,164.1,255.6,86.1,15.6,1.56,0.124,11.1,1504.73,39.18,9.313,1689.03,6.86,2.905,98.3,37.48
Wire EDM,Stainless Steel,98.4,56.8,41.1,142.0,218.5,14.3,3.03,0.076,38.9,227.78,22.4,5.627,2603.53,6.67,0.24,55.9,27.2
Wire EDM,Titanium,281.4,12.7,98.7,107.0,286.0,24.0,2.02,0.13,72.6,361.02,47.6,3.561,387.72,19.91,0.413,99.3,23.68
Wire EDM,Tungsten Carbide,58.9,20.9,101.4,83.7,141.9,18.3,1.78,0.092,28.5,128.16,54.61,1.24,165.5,37.64,0.446,100.3,9.62
Wire EDM,Stainless Steel,97.6,41.2,61.8,47.1,295.4,3.3,3.93,0.029,53.0,242.92,56.98,4.061,2546.79,8.29,0.181,99.4,24.84
Wire EDM,Stainless Steel,131.5,44.8,69.7,181.7,284.0,18.6,1.68,0.139,26.6,422.88,27.85,5.906,2629.56,8.46,0.331,70.0,29.75
Wire EDM,Copper,189.9,22.1,97.9,92.8,287.5,3.1,1.4,0.063,46.3,419.11,51.05,4.173,3466.02,3.95,0.191,99.9,25.71
Wire EDM,Titanium,283.3,38.5,11.5,125.5,216.0,11.3,2.13,0.119,38.4,128.17,8.48,10.931,892.49,6.76,0.189,21.1,46.47
Wire EDM,Stainless Steel,227.3,57.1,104.2,157.8,136.4,8.5,4.26,0.018,23.0,1376.62,39.58,12.97,1620.72,10.53,2.165,99.1,50.39
Wire EDM,Tungsten Carbide,266.7,16.9,61.6,49.5,258.9,12.6,2.31,0.035,71.9,283.37,55.92,4.516,249.59,29.21,0.544,100.1,25.4
Wire EDM,Brass,117.6,48.9,183.4,262.6,188.4,6.9,3.83,0.017,18.0,1029.34,41.08,5.754,3668.33,7.15,0.924,100.1,27.77
Wire EDM,Titanium,188.2,5.5,77.2,125.4,122.9,13.1,2.72,0.021,57.3,80.02,38.38,1.043,73.24,16.94,0.217,95.1,9.89
Wire EDM,Aluminum,162.0,46.4,5.1,216.3,266.7,22.2,2.45,0.057,46.3,39.14,2.29,7.481,6596.74,0.87,0.021,5.8,36.12
Wire EDM,Titanium,235.9,19.9,167.6,254.8,346.9,10.6,2.36,0.065,12.5,770.71,39.57,4.718,741.2,26.38,0.775,98.4,24.58
Wire EDM,Brass,107.3,57.7,16.8,99.1,366.1,20.5,4.34,0.042,69.6,106.51,14.49,6.251,8332.23,2.2,0.047,36.5,34.19
Wire EDM,Stainless Steel,226.0,14.4,19.0,259.6,165.1,14.8,4.13,0.016,22.4,61.53,6.84,3.235,471.81,4.46,0.082,16.9,18.13
Wire EDM,Stainless Steel,90.8,26.4,74.7,271.7,384.5,20.7,1.86,0.08,13.1,178.02,21.5,2.408,2031.53,8.84,0.105,53.7,19.08
Wire EDM,Brass,186.7,42.5,14.8,13.7,217.4,9.0,3.57,0.027,34.3,115.48,51.62,7.949,3763.81,1.99,0.088,99.1,35.71
Wire EDM,Mild Steel,172.6,13.6,20.6,190.2,363.5,19.9,3.96,0.021,49.5,49.15,9.75,2.336,1261.99,3.95,0.026,24.3,19.93
Wire EDM,Copper,254.7,19.4,81.6,257.6,76.5,21.3,4.67,0.099,22.5,403.17,23.86,4.954,777.63,3.55,0.711,59.6,23.22
Wire EDM,Mild Steel,67.4,20.7,82.8,144.5,112.7,20.6,4.97,0.132,71.3,118.48,36.18,1.384,583.19,7.51,0.211,91.5,13.07
Wire EDM,Stainless Steel,204.1,51.3,170.2,147.0,278.4,7.2,3.31,0.058,15.8,1825.0,53.46,10.509,2952.05,13.56,1.399,100.1,45.52
Wire EDM,Inconel,238.1,24.7,18.2,15.8,383.3,8.7,2.97,0.064,69.1,105.22,53.42,5.915,744.65,11.71,0.111,100.2,32.84
Wire EDM,Titanium,128.5,56.2,153.0,115.1,244.9,24.9,4.06,0.121,52.2,1120.02,56.91,7.191,1506.66,24.3,1.543,100.5,33.11
Wire EDM,Copper,274.1,20.1,164.7,213.3,339.6,14.8,3.52,0.086,39.9,922.41,43.14,5.533,3710.66,4.98,0.364,100.1,31.71
Wire EDM,Brass,144.3,36.8,145.8,167.2,175.7,17.5,3.92,0.08,23.2,755.99,46.17,5.309,2553.17,6.5,0.725,99.1,26.05
Wire EDM,Brass,164.7,25.8,54.4,290.6,281.5,8.1,3.82,0.092,33.2,228.5,15.8,4.21,2827.53,3.87,0.138,39.4,25.26
Wire EDM,Inconel,184.5,14.1,134.5,263.8,299.5,7.4,2.41,0.112,17.7,348.95,33.6,2.613,329.03,31.33,0.466,85.0,17.26
Wire EDM,Copper,112.8,17.5,191.8,196.3,359.2,6.3,4.83,0.112,75.0,375.48,49.37,1.977,3344.67,5.61,0.141,99.0,20.99
Wire EDM,Copper,209.0,31.3,191.3,297.1,309.1,3.1,2.23,0.146,58.7,1265.65,39.01,6.486,5313.8,5.38,0.543,97.3,34.15
Wire EDM,Titanium,197.2,21.7,11.6,174.3,287.0,24.0,4.79,0.085,65.8,49.44,6.2,4.303,664.85,6.73,0.057,15.8,25.24
Wire EDM,Brass,240.1,49.5,55.9,296.1,80.5,9.9,4.79,0.075,66.5,673.79,15.83,11.788,1551.74,3.88,1.36,40.0,47.5
Wire EDM,Inconel,116.7,50.5,28.1,23.6,90.4,10.4,3.32,0.019,78.8,169.41,54.67,5.898,351.8,14.41,0.727,98.7,27.94
Wire EDM,Tungsten Carbide,280.1,51.2,34.8,50.2,120.6,17.9,2.0,0.109,27.7,500.1,40.83,14.436,338.52,22.76,2.071,99.8,55.87
Wire EDM,Mild Steel,111.5,14.4,93.9,212.1,123.5,9.0,2.84,0.139,68.9,150.91,30.86,1.597,445.73,8.15,0.242,76.9,13.83
Wire EDM,Aluminum,216.9,54.1,172.0,263.2,377.1,3.6,1.0,0.124,55.0,1974.45,39.58,11.834,10805.96,5.21,0.826,99.6,53.85
Wire EDM,Brass,286.8,37.1,122.3,134.5,295.1,21.2,3.53,0.062,52.5,1337.16,47.68,10.654,4397.42,5.77,0.738,99.1,48.93
Wire EDM,Copper,225.4,55.2,30.0,46.6,285.9,21.6,1.26,0.072,5.9,382.91,39.45,12.32,8697.44,2.22,0.17,97.7,53.21
Wire EDM,Copper,161.6,42.2,114.3,140.5,322.1,21.2,2.63,0.103,40.6,789.97,45.14,6.772,7252.34,4.37,0.327,99.9,36.28
Wire EDM,Copper,298.6,9.4,47.2,174.7,265.0,5.9,2.11,0.01,43.1,131.16,21.31,2.83,1301.51,2.74,0.067,53.5,20.09
Wire EDM,Tungsten Carbide,68.0,24.2,164.9,258.5,347.6,7.2,4.85,0.099,26.2,272.8,39.2,1.656,457.25,50.19,0.382,96.6,14.46
Wire EDM,Titanium,108.9,52.8,78.7,117.1,283.9,5.7,4.74,0.033,62.0,449.05,40.58,5.722,1570.58,17.4,0.537,100.2,29.4
Wire EDM,Brass,52.7,46.5,174.3,258.7,90.0,24.1,3.59,0.146,79.3,429.33,40.6,2.471,1672.91,6.98,0.773,99.7,16.42
Wire EDM,Mild Steel,139.6,47.1,156.8,237.3,328.2,6.1,3.07,0.032,25.9,1029.77,39.79,6.594,3929.24,10.66,0.645,98.5,32.79
Wire EDM,Stainless Steel,94.4,24.7,98.3,245.9,120.8,8.0,1.65,0.033,33.3,223.04,28.45,2.335,621.81,10.03,0.428,71.8,13.65
Wire EDM,Inconel,184.2,21.3,71.3,36.2,168.2,24.4,3.49,0.093,60.3,282.85,66.93,3.931,287.39,22.91,0.657,99.1,21.62
Wire EDM,Aluminum,259.1,27.7,11.9,189.2,349.4,13.5,1.88,0.039,29.4,85.72,5.95,7.19,5147.3,1.35,0.037,14.9,35.94
Wire EDM,Stainless Steel,136.6,10.3,35.6,216.9,258.0,16.0,2.4,0.035,64.8,50.31,14.06,1.4,558.02,6.29,0.043,35.6,14.95
Wire EDM,Tungsten Carbide,254.2,7.6,190.8,175.0,355.7,24.4,3.41,0.036,66.3,373.02,52.01,1.945,154.28,51.98,0.527,99.7,17.5
Wire EDM,Stainless Steel,165.3,12.9,18.0,81.6,246.3,9.6,2.83,0.061,34.4,39.36,18.18,2.14,647.37,4.32,0.034,44.8,15.92
Wire EDM,Brass,235.8,58.6,93.7,191.7,230.8,21.4,4.26,0.055,52.5,1270.45,32.89,13.858,5440.14,5.29,0.919,82.4,57.59
Wire EDM,Stainless Steel,147.7,49.6,136.7,116.5,394.3,13.0,4.25,0.113,10.3,1020.69,53.67,7.28,4115.45,12.12,0.561,98.9,36.21
Wire EDM,Aluminum,216.8,12.2,189.3,109.1,322.3,6.8,3.25,0.102,15.7,507.74,63.26,2.648,2178.68,5.53,0.241,100.4,18.95
Wire EDM,Tungsten Carbide,183.4,34.8,69.7,298.2,348.0,13.4,2.48,0.109,75.4,444.27,18.92,6.331,658.93,31.49,0.62,47.6,34.56
Wire EDM,Aluminum,257.5,32.9,166.9,169.5,221.0,3.3,2.06,0.122,8.3,1404.37,49.42,8.406,3959.82,5.07,0.972,100.5,37.48
Wire EDM,Brass,170.5,56.7,65.5,47.8,325.6,24.7,2.0,0.139,12.8,633.49,57.8,9.716,7596.65,4.23,0.331,99.1,44.68
Wire EDM,Aluminum,243.3,52.3,154.3,266.7,179.3,13.0,3.9,0.149,26.1,2015.36,36.75,12.817,5019.27,4.87,1.698,91.0,52.07
Wire EDM,Mild Steel,107.5,23.6,105.0,61.4,329.5,15.5,1.44,0.139,49.7,266.54,63.72,2.517,1889.3,8.87,0.162,98.9,19.77
Wire EDM,Aluminum,207.7,8.5,66.1,43.0,176.4,21.2,3.79,0.031,78.9,118.83,61.13,1.749,829.3,3.1,0.099,99.6,15.88
Wire EDM,Brass,262.8,24.0,100.6,51.6,275.8,4.4,4.38,0.086,34.7,650.68,65.89,6.331,2708.77,5.23,0.386,99.8,30.97
Wire EDM,Titanium,213.1,49.6,129.3,86.7,329.8,5.8,1.2,0.099,23.3,1357.93,59.57,10.475,1712.28,22.24,1.386,100.0,46.71
Wire EDM,Titanium,112.0,6.4,133.4,252.0,245.0,20.5,4.14,0.027,30.7,95.95,34.63,0.71,170.61,23.26,0.132,86.9,10.19
Wire EDM,Copper,58.2,30.5,104.5,248.1,182.7,14.5,3.8,0.145,27.1,190.72,29.72,1.79,3037.85,4.08,0.132,73.8,14.51
Wire EDM,Copper,115.4,11.5,103.5,225.3,330.8,21.9,4.37,0.139,43.0,137.5,31.52,1.338,2035.99,4.07,0.056,78.2,16.37
Wire EDM,Copper,55.2,39.8,178.7,292.7,285.5,9.2,2.86,0.051,28.8,399.87,38.16,2.195,6244.35,5.41,0.179,94.2,17.82
Wire EDM,Copper,283.1,49.8,9.6,24.0,85.4,24.5,3.1,0.033,37.5,132.79,28.47,13.961,2226.98,1.25,0.21,71.6,54.65
Wire EDM,Inconel,231.2,51.8,171.9,192.4,80.9,8.8,4.79,0.058,59.3,2000.08,46.81,12.024,317.63,35.37,10.354,100.1,47.62
Wire EDM,Brass,240.2,53.6,114.7,100.2,299.3,16.9,1.82,0.043,13.1,1478.03,53.76,12.992,6261.45,5.83,0.801,100.1,52.74
Wire EDM,Inconel,134.7,16.5,166.1,106.6,318.6,21.8,2.71,0.087,50.4,378.1,60.87,2.215,420.79,36.03,0.476,100.4,17.89
Wire EDM,Stainless Steel,239.1,9.4,185.6,293.6,285.5,16.8,1.06,0.013,67.8,427.28,38.72,2.235,559.09,14.47,0.32,97.5,18.51
Wire EDM,Tungsten Carbide,55.0,55.3,70.5,57.3,203.7,6.9,4.34,0.029,25.8,215.59,54.71,3.034,636.62,31.48,0.515,100.0,16.67
Wire EDM,Tungsten Carbide,201.6,24.7,15.6,180.3,127.4,15.8,2.9,0.013,36.8,78.99,7.95,5.024,173.42,14.89,0.303,20.1,22.79
Wire EDM,Aluminum,131.0,12.2,143.8,243.3,132.6,24.8,1.74,0.014,23.2,234.75,36.88,1.607,882.04,4.59,0.273,93.8,12.33
Wire EDM,Inconel,247.3,9.1,152.4,126.2,341.7,7.7,3.15,0.016,14.5,335.61,54.61,2.263,249.6,33.01,0.405,100.3,16.36
Wire EDM,Stainless Steel,77.6,42.8,41.8,232.8,361.6,18.3,2.55,0.029,6.7,139.43,15.22,3.297,3206.07,6.85,0.087,38.3,20.72
Wire EDM,Aluminum,132.8,43.8,75.2,281.4,347.7,10.5,4.72,0.071,8.9,444.56,21.12,5.849,8243.58,3.49,0.188,53.1,29.6
Wire EDM,Inconel,215.1,9.0,70.9,139.1,303.6,8.4,2.23,0.028,21.7,135.58,33.96,1.92,216.06,23.22,0.176,84.0,14.56
Wire EDM,Mild Steel,194.7,25.2,150.7,157.0,187.2,6.5,3.91,0.013,56.8,732.25,49.32,4.864,1192.29,10.73,0.792,99.0,26.44
Wire EDM,Aluminum,231.8,19.7,53.9,199.7,315.2,11.7,4.05,0.131,51.9,246.55,21.34,4.536,3379.34,2.81,0.123,53.0,27.72
Wire EDM,Aluminum,217.0,34.2,139.1,137.0,383.0,11.5,4.0,0.15,28.9,1001.5,50.72,7.489,7231.15,4.49,0.425,98.5,37.09
Wire EDM,Aluminum,202.5,42.6,45.2,41.3,296.1,9.4,1.06,0.136,20.4,384.46,52.61,8.661,7011.21,2.62,0.203,100.4,40.67
Wire EDM,Tungsten Carbide,153.2,26.4,16.3,278.0,177.4,3.8,3.79,0.098,78.9,65.02,5.51,4.004,267.35,15.01,0.184,13.9,23.05
Wire EDM,Aluminum,270.6,42.5,102.9,120.0,393.0,7.2,2.15,0.084,47.7,1169.39,46.12,11.44,9108.5,4.03,0.454,100.5,52.45
Wire EDM,Aluminum,260.6,5.5,20.1,107.0,347.0,13.8,4.84,0.031,72.9,29.24,15.89,1.442,1046.07,1.77,0.013,39.4,18.42
Wire EDM,Tungsten Carbide,212.6,8.9,116.9,272.9,197.1,19.2,3.78,0.044,7.8,226.38,29.71,1.908,97.45,42.25,0.56,75.1,12.07
Wire EDM,Inconel,275.7,33.0,86.0,259.0,262.6,18.1,3.7,0.031,25.8,774.61,25.07,9.052,659.25,25.74,1.194,62.9,39.64
Wire EDM,Mild Steel,83.1,19.1,173.2,150.4,148.9,20.7,2.88,0.095,71.1,281.11,53.73,1.579,696.2,10.93,0.371,99.0,14.02
Wire EDM,Mild Steel,78.1,17.4,83.2,231.8,199.1,5.7,3.48,0.139,46.7,109.88,26.44,1.356,843.63,7.6,0.117,66.1,12.96
Wire EDM,Titanium,283.8,24.0,199.9,289.1,256.4,18.3,4.65,0.049,52.0,1373.45,40.7,6.862,678.02,28.71,1.811,100.3,32.75
Wire EDM,Stainless Steel,172.4,7.3,84.6,294.1,65.3,24.7,1.62,0.054,19.7,109.15,22.5,1.269,96.97,9.71,0.369,55.4,8.29
Wire EDM,Inconel,224.7,41.5,130.3,269.6,285.7,6.2,2.52,0.054,54.3,1188.25,32.66,9.3,918.98,30.98,1.733,81.3,41.0
Wire EDM,Aluminum,229.6,22.5,185.5,271.9,93.3,4.0,1.91,0.032,29.3,940.43,40.25,5.173,1111.89,5.18,1.61,98.9,24.05
Wire EDM,Titanium,218.6,14.5,188.2,241.1,187.5,19.9,1.03,0.116,34.4,602.02,43.65,3.183,286.59,26.55,1.07,99.1,17.6
Wire EDM,Mild Steel,158.7,6.5,187.9,144.2,57.4,18.4,4.22,0.045,24.3,194.21,57.0,1.029,90.48,11.85,0.66,99.4,7.79
Wire EDM,Stainless Steel,278.0,40.4,7.2,96.1,60.1,15.0,3.4,0.044,47.5,80.22,6.94,11.331,501.02,2.84,0.299,17.6,43.9
Wire EDM,Copper,91.6,11.2,96.0,87.2,212.3,19.7,4.98,0.042,39.5,98.87,52.85,1.027,1285.86,3.91,0.061,99.7,13.02
Wire EDM,Aluminum,90.4,7.0,135.6,296.3,289.9,19.8,1.96,0.041,42.5,84.84,31.56,0.63,1101.47,4.55,0.046,77.7,12.86
Wire EDM,Mild Steel,123.4,52.1,45.2,178.9,386.0,15.9,3.31,0.146,66.7,281.93,20.29,6.421,4914.37,5.86,0.153,50.0,36.31
Wire EDM,Titanium,228.3,14.6,41.1,122.9,132.0,9.1,1.85,0.131,74.4,138.8,25.09,3.312,211.08,12.58,0.355,62.1,19.56
Wire EDM,Aluminum,91.2,38.3,104.6,134.6,341.1,6.3,1.84,0.124,73.9,364.63,43.76,3.507,7170.18,4.0,0.166,98.6,25.82
Wire EDM,Copper,225.6,50.2,116.2,263.6,218.9,22.2,4.14,0.083,48.2,1322.73,30.34,11.34,5710.99,4.21,0.786,76.9,50.13
Wire EDM,Tungsten Carbide,125.3,42.1,21.8,275.9,233.5,15.6,2.74,0.107,40.7,113.84,7.33,5.23,538.3,17.63,0.24,18.3,26.34
Wire EDM,Titanium,103.3,39.9,123.3,173.9,252.0,3.0,2.59,0.07,48.1,502.51,41.75,4.157,1084.05,22.24,0.687,100.0,23.04
Wire EDM,Copper,131.9,31.6,136.0,271.5,325.8,9.2,3.01,0.055,67.7,578.08,33.19,4.13,5493.95,4.65,0.23,83.5,27.94
Wire EDM,Stainless Steel,177.2,30.8,165.9,250.0,149.2,9.9,4.65,0.081,68.4,904.93,40.25,5.426,941.76,13.47,1.321,98.9,28.12
Wire EDM,Aluminum,232.4,44.9,86.0,189.9,263.7,7.6,2.34,0.04,76.1,897.77,31.46,10.389,6441.32,3.62,0.518,78.5,48.04
Wire EDM,Copper,255.0,16.4,154.7,279.7,356.6,3.2,2.99,0.091,77.0,660.24,35.95,4.209,3150.73,4.83,0.239,88.9,28.98
Wire EDM,Titanium,283.6,35.8,95.0,164.9,366.9,8.9,4.87,0.042,76.2,969.88,36.59,10.151,1400.25,19.23,0.879,90.6,47.19
Wire EDM,Brass,85.5,57.1,198.4,200.7,241.6,20.6,1.55,0.138,5.4,939.99,49.83,4.895,5525.42,7.58,0.673,99.0,24.98
Wire EDM,Inconel,75.4,38.9,69.9,102.5,290.8,24.3,4.06,0.11,20.0,203.58,40.9,2.949,892.91,23.26,0.289,100.1,18.58
Wire EDM,Brass,90.4,42.9,180.4,283.7,116.2,3.7,3.88,0.056,41.0,694.2,38.79,3.856,2031.18,6.97,0.991,98.1,19.94
Wire EDM,Brass,206.2,26.9,80.5,109.4,74.8,7.0,3.43,0.122,31.7,444.89,42.35,5.592,783.89,4.73,0.99,99.9,24.62
Wire EDM,Brass,95.5,35.2,140.6,194.2,80.2,23.8,1.51,0.15,32.0,472.2,41.64,3.39,1142.26,6.33,0.965,100.2,17.66
Wire EDM,Stainless Steel,194.3,58.6,17.0,193.7,115.3,10.1,3.88,0.129,80.0,189.94,8.04,11.407,1409.13,4.3,0.381,20.2,46.76
Wire EDM,Inconel,219.6,51.9,70.6,96.7,369.7,13.4,3.5,0.105,33.0,789.92,42.54,11.489,1513.32,23.1,0.846,98.7,51.01
Wire EDM,Copper,77.2,29.4,78.6,242.0,261.5,22.0,2.0,0.082,55.0,178.2,24.65,2.272,4021.9,3.53,0.089,60.8,18.68
Wire EDM,Tungsten Carbide,159.3,24.9,50.5,246.3,263.9,11.5,2.76,0.086,9.2,204.57,16.93,3.949,355.97,27.48,0.385,42.8,20.38
Wire EDM,Brass,78.0,7.3,70.9,186.9,287.8,20.3,4.25,0.094,35.4,40.99,27.33,0.571,834.87,4.42,0.024,68.8,11.61
Wire EDM,Aluminum,252.5,47.3,162.1,237.1,270.8,10.8,3.16,0.054,45.4,1991.06,40.86,11.977,6996.45,4.98,1.128,98.9,52.59
Wire EDM,Mild Steel,191.4,13.7,78.4,50.8,272.1,16.5,4.23,0.138,30.2,207.71,60.8,2.614,943.63,7.61,0.154,100.3,18.39
Wire EDM,Inconel,53.0,9.1,76.5,255.8,51.2,24.3,1.34,0.085,28.1,37.84,23.17,0.485,37.34,23.61,0.288,57.5,5.08
Wire EDM,Titanium,64.8,12.9,20.1,197.0,256.1,6.2,3.98,0.096,48.8,16.93,9.18,0.832,363.07,8.65,0.022,23.3,11.85
Wire EDM,Copper,132.8,10.8,23.5,35.3,365.4,21.3,4.57,0.097,31.7,33.23,39.96,1.441,2057.34,1.96,0.012,99.8,16.44
Wire EDM,Titanium,236.0,16.8,194.1,134.0,326.8,15.7,1.74,0.053,73.1,778.03,59.31,3.933,602.9,28.27,0.801,100.5,25.4
Wire EDM,Tungsten Carbide,165.1,41.4,6.0,80.6,64.1,15.3,1.59,0.122,57.0,40.28,6.95,6.832,150.56,9.64,0.325,17.2,29.1
Wire EDM,Aluminum,106.2,28.9,95.4,201.9,255.5,20.6,4.08,0.061,35.3,298.64,32.3,3.067,4055.51,3.88,0.174,79.7,20.1
Wire EDM,Titanium,229.3,23.6,185.8,283.6,160.7,11.6,3.27,0.01,8.2,985.97,39.66,5.457,403.55,27.83,2.129,99.6,23.28
Wire EDM,Stainless Steel,194.0,6.1,29.2,22.5,82.0,16.0,2.57,0.142,64.8,33.58,56.16,1.184,99.63,5.48,0.096,99.7,10.84
Wire EDM,Brass,258.5,47.9,104.9,284.7,68.8,16.1,1.28,0.105,30.1,1313.65,26.86,12.322,1356.84,5.51,3.176,67.4,47.75
Wire EDM,Inconel,241.0,21.6,168.4,169.2,329.4,14.5,3.72,0.114,53.2,866.93,49.71,5.226,551.55,35.99,1.048,99.1,28.83
Wire EDM,Brass,138.0,30.2,111.1,225.6,335.3,4.7,3.53,0.109,56.3,461.8,33.16,4.175,4112.8,5.61,0.227,83.3,27.22
Wire EDM,Brass,136.8,8.4,125.3,283.4,196.2,4.0,4.84,0.045,55.6,141.57,30.51,1.158,665.93,5.81,0.119,76.6,13.1
Wire EDM,Mild Steel,187.4,58.6,160.4,273.7,272.4,3.2,3.42,0.15,72.2,1729.77,37.15,11.047,4071.97,10.61,1.278,92.0,49.9
Wire EDM,Stainless Steel,50.5,27.6,161.9,140.0,143.4,16.3,3.29,0.059,32.1,232.04,53.88,1.395,786.73,12.92,0.341,99.2,11.26
Wire EDM,Tungsten Carbide,280.0,32.3,27.5,207.6,377.1,22.0,1.86,0.149,79.0,242.74,11.73,9.122,677.73,20.61,0.336,29.5,43.95
Wire EDM,Copper,129.8,27.2,51.3,26.8,132.3,19.4,2.94,0.121,38.9,183.23,66.1,3.504,1967.51,2.76,0.184,99.1,19.51
Wire EDM,Copper,203.7,27.7,186.7,193.0,191.4,13.6,3.8,0.07,56.2,1079.34,48.97,5.656,2880.38,5.31,0.721,99.5,29.86
Wire EDM,Mild Steel,290.6,23.7,119.5,81.9,179.3,5.5,3.67,0.132,70.4,817.21,59.5,6.821,1071.3,9.39,0.891,99.9,32.72
Wire EDM,Inconel,90.4,30.0,128.6,96.0,364.4,3.0,4.7,0.04,58.9,342.38,56.99,2.685,847.19,30.8,0.379,100.4,20.97
Wire EDM,Copper,113.6,29.6,120.1,173.3,343.9,17.0,4.03,0.054,61.3,405.7,40.95,3.371,5309.31,4.38,0.154,98.6,24.09
Wire EDM,Stainless Steel,109.3,52.1,98.1,160.5,205.8,3.6,2.76,0.1,15.1,552.36,38.0,5.665,2233.27,10.07,0.602,94.3,26.52
Wire EDM,Brass,136.1,37.7,191.3,186.8,216.7,9.3,1.52,0.133,63.0,985.67,50.18,5.109,3200.41,7.4,0.776,99.5,27.99
Wire EDM,Copper,242.4,22.8,56.9,161.0,252.6,7.7,2.3,0.107,57.3,316.15,26.14,5.545,3054.92,3.06,0.163,65.9,30.93
Wire EDM,Tungsten Carbide,293.3,44.7,171.6,156.6,379.7,16.2,3.7,0.058,22.7,2244.34,52.59,12.981,939.23,51.38,2.922,99.1,56.85
Wire EDM,Brass,175.0,10.2,136.6,203.2,143.9,8.6,3.71,0.149,70.2,246.6,40.5,1.798,590.96,6.03,0.286,100.3,14.68
Wire EDM,Tungsten Carbide,53.5,59.3,117.8,116.9,219.6,24.0,3.88,0.147,35.5,376.2,50.19,3.181,744.45,40.71,0.828,99.1,18.58
Wire EDM,Tungsten Carbide,298.1,19.5,169.9,299.8,349.6,5.2,2.02,0.049,47.6,1011.59,36.5,5.821,371.12,49.14,1.45,90.9,29.67
Wire EDM,Aluminum,121.8,52.4,109.4,299.5,286.7,4.0,1.36,0.127,65.5,685.84,26.85,6.397,7995.73,4.12,0.378,66.8,33.25
Wire EDM,Stainless Steel,278.8,25.1,148.2,181.5,326.9,17.9,2.97,0.125,59.8,1058.45,44.85,7.055,1640.35,12.72,0.692,100.1,35.86
Wire EDM,Stainless Steel,92.0,20.9,123.9,184.5,373.9,17.9,2.08,0.019,14.7,242.03,39.85,1.923,1634.43,11.58,0.145,100.1,17.07
Wire EDM,Copper,63.4,26.6,64.9,36.5,130.6,7.2,2.47,0.026,15.8,111.79,63.75,1.67,1884.28,3.18,0.11,99.9,12.34
Wire EDM,Copper,196.2,35.6,71.5,56.9,173.1,3.5,1.26,0.071,52.5,501.35,55.42,7.007,3324.62,3.44,0.377,99.1,32.63
Wire EDM,Mild Steel,220.2,15.3,34.1,64.0,113.8,8.0,4.83,0.041,41.6,116.85,34.47,3.387,428.08,4.85,0.202,86.9,18.07
Wire EDM,Tungsten Carbide,111.6,12.5,158.0,282.1,198.2,13.5,4.5,0.145,44.2,221.68,36.25,1.392,135.17,46.75,0.558,90.3,11.92
Wire EDM,Tungsten Carbide,74.0,36.1,130.5,69.2,326.4,18.7,4.78,0.149,24.5,354.47,65.92,2.682,642.29,44.03,0.519,100.2,17.93
Wire EDM,Inconel,255.8,55.1,93.0,237.5,329.7,8.5,3.13,0.127,72.8,1347.29,28.06,13.976,1427.07,25.55,1.598,70.6,59.37
Wire EDM,Stainless Steel,105.2,14.0,83.6,293.4,173.4,13.3,3.9,0.046,48.4,122.26,22.26,1.465,498.41,9.76,0.157,55.3,12.92
Wire EDM,Inconel,237.2,57.8,162.5,296.7,335.6,21.1,4.0,0.141,46.0,2193.16,35.62,13.751,1542.7,33.78,2.666,88.5,56.37
Wire EDM,Copper,155.8,26.8,116.2,219.3,83.3,19.8,1.13,0.133,48.8,498.98,34.51,4.163,1180.16,4.34,0.761,86.6,21.89
Wire EDM,Stainless Steel,268.5,43.0,133.9,177.6,273.3,5.1,3.36,0.077,38.7,1539.53,43.31,11.543,2338.86,11.91,1.244,98.9,49.18
Wire EDM,Inconel,122.1,52.0,31.7,151.6,134.9,9.6,3.63,0.094,19.9,205.51,17.39,6.307,531.73,15.27,0.61,43.7,27.56
Wire EDM,Inconel,91.9,17.1,55.4,73.9,186.0,12.8,4.9,0.057,67.3,87.68,42.6,1.559,242.63,19.97,0.19,99.8,13.58
Wire EDM,Brass,178.9,54.1,95.0,179.9,328.2,23.9,3.19,0.134,38.6,930.82,34.77,9.694,7171.92,5.03,0.457,86.6,44.59
Wire EDM,Aluminum,148.4,59.0,22.8,222.5,127.8,17.1,2.57,0.133,45.5,205.46,9.27,8.754,4071.33,1.87,0.241,23.3,38.69
Wire EDM,Mild Steel,132.8,7.2,179.0,110.4,323.4,21.5,3.27,0.037,24.5,171.77,61.39,0.952,575.14,11.48,0.105,98.9,13.36
Wire EDM,Brass,284.8,34.4,186.7,257.9,316.0,4.8,4.16,0.143,65.7,1809.46,41.83,9.832,4430.88,7.47,0.973,100.2,44.94
Wire EDM,Aluminum,258.1,53.6,127.5,193.7,170.1,5.7,4.7,0.108,17.7,1778.02,39.95,13.952,4967.37,4.54,1.63,98.5,55.45
Wire EDM,Brass,192.0,40.1,53.5,156.3,88.6,7.5,3.81,0.094,5.5,407.94,25.7,7.716,1420.27,3.79,0.785,63.8,31.53
Wire EDM,Mild Steel,213.9,11.8,42.3,231.2,73.3,14.1,4.68,0.146,13.0,109.69,15.56,2.533,217.79,5.66,0.299,38.8,12.73
Wire EDM,Inconel,292.8,39.4,126.0,290.1,393.7,4.0,3.52,0.102,55.0,1480.63,30.14,11.6,1244.41,31.41,1.463,75.0,52.95
Wire EDM,Brass,239.5,41.3,26.3,268.3,287.4,10.9,3.93,0.143,63.4,255.66,8.91,9.867,4789.96,2.78,0.155,22.2,46.18
Wire EDM,Aluminum,276.3,30.9,124.4,289.5,369.9,10.5,1.56,0.041,33.1,1083.13,29.77,8.604,6188.42,4.38,0.431,75.6,40.47
Wire EDM,Copper,216.7,17.6,159.2,251.1,346.5,4.8,1.66,0.064,48.2,603.14,38.99,3.808,3315.98,5.08,0.231,96.7,25.34
Wire EDM,Brass,195.7,33.3,112.6,171.8,237.7,20.9,3.2,0.03,68.7,751.58,39.21,6.53,3175.92,5.8,0.5,98.1,33.09
Wire EDM,Inconel,170.8,12.4,121.2,107.0,326.8,18.4,1.26,0.039,16.6,249.5,52.88,2.125,323.99,29.87,0.319,98.9,15.4
Wire EDM,Inconel,195.2,9.9,87.5,101.8,256.0,11.0,1.24,0.126,73.0,171.69,45.97,1.949,203.74,25.96,0.27,98.5,16.82
Wire EDM,Copper,199.4,39.5,88.2,102.9,203.0,14.6,2.59,0.015,57.3,683.98,46.58,7.86,4216.94,3.64,0.456,99.8,38.27
Wire EDM,Stainless Steel,287.0,13.3,198.6,116.8,317.4,10.1,2.99,0.075,72.0,765.41,62.37,3.779,850.74,14.81,0.537,100.4,24.5
Wire EDM,Inconel,88.5,20.0,107.3,265.9,328.2,21.4,3.99,0.111,78.3,185.08,28.52,1.763,516.57,28.49,0.236,71.4,17.86
Wire EDM,Copper,127.8,15.9,179.6,155.3,126.6,5.3,4.64,0.015,67.1,360.4,53.54,2.032,1076.46,5.3,0.393,99.1,16.04
Wire EDM,Mild Steel,243.0,16.4,126.7,82.4,124.6,16.9,2.14,0.088,28.8,495.23,60.28,4.021,508.77,9.54,0.798,99.5,19.84
Wire EDM,Inconel,269.2,16.1,153.4,207.3,323.1,3.1,4.86,0.107,26.6,651.78,42.62,4.31,409.43,33.95,0.822,99.2,24.27
Wire EDM,Inconel,122.0,14.9,92.7,128.3,199.4,6.6,1.45,0.101,47.3,168.79,42.33,1.804,235.28,25.72,0.328,99.0,13.62
Wire EDM,Copper,91.4,47.9,112.9,201.2,190.7,8.5,4.92,0.073,50.3,495.15,35.7,4.409,4865.31,4.34,0.348,90.6,24.53
Wire EDM,Mild Steel,220.6,24.8,74.5,87.3,248.6,18.8,1.1,0.039,51.1,397.8,45.94,5.477,1514.23,7.5,0.332,99.4,29.07
Wire EDM,Stainless Steel,53.5,54.3,71.6,51.3,355.7,9.2,4.99,0.074,52.2,202.86,57.85,2.892,4012.02,9.0,0.129,99.4,22.26
Wire EDM,Inconel,209.0,35.4,13.6,141.6,234.2,9.4,1.89,0.039,27.3,101.8,8.78,7.454,631.12,9.89,0.169,21.9,33.71
Wire EDM,Brass,78.8,44.4,130.3,73.6,267.8,6.5,3.25,0.119,48.8,459.71,63.94,3.478,4660.0,5.94,0.288,99.2,21.9
Wire EDM,Tungsten Carbide,153.5,18.8,164.4,221.1,150.9,23.7,1.15,0.131,28.0,460.94,42.82,2.867,157.03,50.35,1.569,100.0,15.78
Wire EDM,Aluminum,163.9,7.1,114.6,277.5,148.5,12.1,3.94,0.047,58.5,130.07,29.31,1.161,566.35,4.13,0.141,72.6,12.68
Wire EDM,Stainless Steel,131.0,33.4,48.4,270.2,240.6,9.4,4.96,0.137,39.4,215.88,15.17,4.39,1634.48,7.23,0.19,38.1,24.15
Wire EDM,Copper,207.9,32.9,107.0,281.2,386.5,11.9,1.63,0.021,53.6,752.31,27.75,6.801,6729.42,4.06,0.251,68.6,38.29
Wire EDM,Inconel,268.4,23.7,134.2,271.2,261.0,7.3,3.93,0.044,27.1,839.21,32.98,6.305,474.87,31.96,1.291,83.0,30.04
Wire EDM,Inconel,269.9,48.6,55.1,225.4,303.7,10.6,1.53,0.073,66.7,718.41,19.77,13.056,1125.95,19.87,0.941,48.8,55.86
Wire EDM,Tungsten Carbide,57.1,29.1,173.9,275.5,330.7,14.7,2.21,0.124,31.4,284.8,38.92,1.648,522.5,50.78,0.424,96.5,15.06
Wire EDM,Tungsten Carbide,91.1,46.2,62.9,221.5,226.4,19.3,2.58,0.02,31.8,272.15,22.3,4.225,582.78,29.7,0.584,55.3,21.72
Wire EDM,Mild Steel,121.9,43.3,53.9,226.0,118.3,6.7,3.38,0.016,57.8,277.44,19.34,5.273,1289.18,6.24,0.485,48.1,25.65
Wire EDM,Inconel,218.5,27.0,21.1,48.7,228.9,7.6,2.77,0.121,78.9,127.24,30.52,5.894,470.02,12.68,0.224,75.0,30.56
Wire EDM,Mild Steel,235.0,48.2,107.8,151.9,200.3,8.4,3.34,0.118,11.1,1244.69,41.48,11.4,2355.96,9.01,1.19,99.0,46.71
Wire EDM,Inconel,232.8,54.9,165.8,227.9,71.1,3.7,4.48,0.148,39.3,2178.12,41.96,12.655,296.71,35.81,12.201,99.6,48.59
Wire EDM,Stainless Steel,124.9,21.1,41.1,163.6,123.3,14.5,1.65,0.081,42.5,111.31,20.15,2.63,516.82,6.75,0.199,50.0,15.75
Wire EDM,Aluminum,210.5,53.2,40.1,245.5,275.8,7.5,3.24,0.033,64.5,440.02,14.17,11.252,7963.69,2.51,0.255,35.1,51.06
Wire EDM,Inconel,265.5,26.6,123.3,256.0,378.5,4.9,2.61,0.142,6.8,892.55,32.83,7.065,766.12,30.19,0.904,81.4,34.42
Wire EDM,Stainless Steel,201.6,11.8,148.8,271.8,287.9,15.0,2.77,0.124,9.7,357.35,35.26,2.396,711.46,12.59,0.265,88.8,15.89
Wire EDM,Brass,289.0,55.0,43.4,155.5,80.1,12.3,2.54,0.018,67.9,702.61,21.99,15.779,1795.46,3.52,1.411,54.4,62.38
Wire EDM,Brass,147.2,46.0,149.0,296.0,329.2,20.5,3.42,0.073,38.4,1005.2,33.22,6.833,6190.4,6.34,0.517,83.8,35.58
Wire EDM,Stainless Steel,271.4,53.5,135.0,272.7,97.5,3.8,4.36,0.128,21.3,1983.12,33.08,14.459,1074.26,11.97,4.499,82.2,56.46
Wire EDM,Stainless Steel,68.2,40.2,64.6,42.7,315.0,24.1,2.89,0.084,5.2,176.18,60.18,2.754,2624.84,8.49,0.122,98.6,18.0
Wire EDM,Mild Steel,256.9,47.4,31.1,67.8,72.7,11.0,4.5,0.132,77.3,388.71,31.55,12.252,853.63,4.68,1.023,77.9,51.15
Wire EDM,Aluminum,185.0,52.2,31.0,116.7,51.0,11.7,2.45,0.1,12.7,297.11,21.04,9.592,1445.07,2.16,0.879,52.4,37.7
Wire EDM,Inconel,261.3,50.6,22.9,283.7,344.5,16.3,4.92,0.041,35.3,310.65,7.48,13.171,1356.76,12.83,0.36,18.8,55.16
Wire EDM,Stainless Steel,63.8,34.1,31.1,55.1,167.8,15.7,3.01,0.052,24.2,66.52,36.32,2.168,1150.23,5.65,0.088,90.3,13.8
Wire EDM,Inconel,121.4,53.9,125.6,66.6,363.6,22.9,2.31,0.033,57.6,816.88,65.45,6.5,1559.77,29.84,0.918,99.7,34.85
Wire EDM,Mild Steel,272.5,15.5,75.5,214.2,327.5,4.1,3.47,0.111,43.9,316.84,25.81,4.192,1297.56,7.44,0.192,64.7,25.85
Wire EDM,Inconel,214.0,35.9,183.9,290.5,330.7,12.1,3.18,0.045,79.0,1371.97,39.14,7.678,901.68,35.92,1.676,97.6,38.61
Wire EDM,Copper,70.3,55.1,146.2,77.5,299.7,9.6,3.98,0.09,75.3,579.68,65.59,3.849,8933.56,4.88,0.248,98.6,26.08
Wire EDM,Inconel,52.7,20.9,160.1,269.9,158.5,23.9,4.54,0.068,51.6,174.74,37.03,1.111,262.44,35.45,0.438,93.9,10.32
Wire EDM,Tungsten Carbide,118.7,50.4,19.6,85.0,391.7,10.8,3.59,0.122,55.5,120.44,18.9,6.036,1075.79,17.28,0.154,46.7,32.18
Wire EDM,Inconel,110.5,44.0,171.5,236.9,356.9,3.1,3.95,0.094,53.5,851.3,42.05,4.862,1207.32,35.38,0.907,99.6,27.1
Wire EDM,Tungsten Carbide,252.3,29.7,168.7,93.7,173.4,24.5,4.81,0.017,59.6,1248.05,64.33,7.542,293.42,48.8,3.632,99.1,34.45
Wire EDM,Tungsten Carbide,125.0,9.7,128.4,118.5,289.3,13.4,4.14,0.149,80.0,158.25,51.67,1.208,154.77,42.18,0.262,99.8,14.41
Wire EDM,Aluminum,224.6,41.2,151.9,190.6,309.3,6.5,3.82,0.075,14.9,1367.47,44.65,9.276,6836.18,4.79,0.706,99.2,42.4
Wire EDM,Inconel,145.1,37.5,12.6,47.0,357.7,5.5,1.56,0.15,56.3,69.18,21.12,5.492,1060.54,9.6,0.077,53.1,30.15
Wire EDM,Stainless Steel,224.1,49.7,94.1,229.5,383.2,4.6,3.92,0.022,67.2,1071.77,29.19,11.219,3781.93,9.9,0.593,72.8,51.57
Wire EDM,Mild Steel,95.2,42.6,125.0,152.1,385.4,4.9,3.81,0.057,55.5,502.81,45.32,4.09,4186.23,9.38,0.271,99.7,26.74
Wire EDM,Copper,114.0,53.2,180.9,137.6,57.5,20.8,3.55,0.066,5.7,1091.18,56.66,6.056,1673.23,5.44,2.571,99.1,25.22
Wire EDM,Mild Steel,170.0,59.3,163.0,180.3,226.3,21.0,2.2,0.016,60.8,1644.45,47.33,9.989,3453.43,11.14,1.472,99.4,44.04
Wire EDM,Stainless Steel,112.8,27.1,93.5,248.6,249.2,24.1,1.72,0.075,32.5,286.62,27.35,3.028,1398.49,9.85,0.249,68.9,19.03
Wire EDM,Inconel,176.7,17.0,72.6,69.6,152.1,5.1,3.2,0.087,77.6,222.1,50.67,3.018,203.08,23.62,0.565,100.1,18.15
Wire EDM,Copper,145.1,38.2,125.4,117.4,245.7,23.7,2.0,0.125,65.0,710.11,51.65,5.548,5018.65,4.55,0.38,99.9,30.01
Wire EDM,Stainless Steel,136.5,14.3,14.7,146.0,190.4,18.9,1.28,0.022,39.2,28.16,9.06,1.969,563.12,3.87,0.033,23.1,14.68
Wire EDM,Stainless Steel,88.0,51.1,119.4,161.6,122.8,11.3,4.63,0.098,63.4,544.33,42.21,4.495,1282.35,11.07,0.975,99.4,23.01
Wire EDM,Mild Steel,196.9,58.5,20.5,140.9,338.0,13.5,2.18,0.032,48.6,242.17,12.74,11.446,4947.03,3.94,0.14,31.9,52.66
Wire EDM,Mild Steel,240.0,26.8,35.6,187.0,322.6,18.6,3.71,0.125,45.2,227.1,15.91,6.373,2104.11,5.01,0.145,40.4,34.12
Wire EDM,Brass,51.7,19.6,143.9,293.0,284.0,11.2,4.9,0.117,12.4,142.11,32.98,1.016,2245.49,6.31,0.084,81.6,12.02
Wire EDM,Copper,242.1,58.0,139.9,170.6,296.8,15.0,3.46,0.096,65.2,1968.59,44.92,14.013,9392.65,4.56,0.904,99.4,61.32
Wire EDM,Tungsten Carbide,285.7,10.3,78.5,149.5,326.0,17.9,3.99,0.089,48.9,230.65,34.17,2.942,187.05,33.55,0.353,85.9,19.48
Wire EDM,Mild Steel,263.1,55.7,91.3,92.5,148.8,12.9,2.39,0.025,64.8,1367.43,49.8,14.522,2022.85,8.14,1.841,99.9,60.1
Wire EDM,Inconel,260.0,37.0,178.9,156.7,94.7,10.1,3.01,0.104,28.5,1738.46,53.14,9.642,275.36,35.98,7.425,99.5,37.14
Wire EDM,Inconel,129.0,31.7,20.8,286.9,64.5,12.3,1.49,0.048,9.9,86.16,6.81,4.117,156.26,12.76,0.535,16.9,16.61
Wire EDM,Copper,80.0,46.8,88.9,112.7,183.0,6.3,3.28,0.114,27.8,337.35,44.38,3.753,4705.17,3.74,0.248,99.7,21.18
Wire EDM,Mild Steel,185.1,5.4,48.8,94.3,321.8,18.5,3.35,0.11,73.4,48.36,34.41,0.997,435.8,5.9,0.03,84.8,15.57
Wire EDM,Stainless Steel,239.4,32.0,183.4,140.8,83.8,13.2,1.25,0.039,12.6,1380.87,56.54,7.731,553.12,13.97,3.794,99.6,31.37
Wire EDM,Titanium,231.5,13.5,107.8,135.2,198.7,7.1,4.81,0.047,17.8,345.2,44.05,3.101,285.32,20.42,0.555,99.1,16.79
Wire EDM,Copper,80.0,40.7,145.4,159.4,247.8,12.1,3.88,0.108,18.2,480.9,47.64,3.286,5249.56,4.79,0.26,100.4,19.98
Wire EDM,Tungsten Carbide,268.0,5.4,191.6,241.8,247.3,5.7,2.21,0.02,67.7,284.46,44.45,1.46,72.37,52.17,0.558,100.1,14.47
Wire EDM,Copper,76.9,30.5,162.7,117.2,326.2,22.9,4.59,0.094,56.3,381.38,57.55,2.326,5463.78,5.0,0.153,100.4,20.33
Wire EDM,Stainless Steel,239.1,31.0,112.6,205.3,349.3,5.2,2.35,0.08,78.6,847.95,35.5,7.391,2193.6,10.86,0.523,88.2,37.85
Wire EDM,Titanium,176.9,35.9,12.4,61.2,329.5,12.1,4.69,0.02,54.8,79.7,16.69,6.373,1284.41,6.99,0.079,42.4,32.31
Wire EDM,Brass,174.2,19.0,116.4,249.9,171.3,19.6,1.33,0.071,11.5,380.4,31.76,3.29,1297.34,5.76,0.374,78.9,17.97
Wire EDM,Aluminum,144.6,5.8,27.8,292.7,230.9,18.8,1.19,0.052,25.2,23.02,8.71,0.838,708.44,2.06,0.015,21.7,11.19
Wire EDM,Mild Steel,247.7,46.5,58.4,242.2,227.3,6.8,3.48,0.019,77.4,656.37,19.45,11.539,2640.98,6.57,0.582,48.3,50.6
Wire EDM,Brass,163.6,10.9,6.5,42.2,51.0,11.5,1.16,0.142,50.7,11.89,13.24,1.787,218.66,1.35,0.038,33.6,11.91
Wire EDM,Copper,228.2,19.5,196.2,109.7,393.1,19.7,2.63,0.107,26.6,882.43,63.61,4.409,4150.05,5.56,0.289,100.4,27.3
Wire EDM,Brass,84.7,56.1,19.7,33.2,246.2,13.9,2.16,0.077,43.7,91.08,37.21,4.734,5569.83,2.37,0.062,93.8,25.95
Wire EDM,Aluminum,172.1,26.9,73.0,261.7,96.2,17.2,3.83,0.126,16.6,330.45,21.73,4.67,1399.33,3.34,0.537,54.6,21.2
Wire EDM,Titanium,63.9,24.3,152.7,160.5,389.0,19.8,4.09,0.116,43.3,236.39,49.18,1.537,1042.64,23.9,0.209,99.6,16.19
Wire EDM,Stainless Steel,163.0,32.1,184.2,130.3,262.5,14.1,2.44,0.026,69.2,940.24,59.12,5.257,1710.73,14.48,0.836,100.3,27.99
Wire EDM,Mild Steel,197.3,57.5,158.0,108.9,60.7,12.8,2.46,0.097,53.1,1816.11,59.01,11.343,871.28,10.6,6.075,98.8,46.14
Wire EDM,Brass,198.4,51.7,140.4,133.4,95.4,19.3,4.36,0.031,17.1,1464.15,51.28,10.335,2004.23,6.11,2.571,100.1,40.59
Wire EDM,Stainless Steel,281.6,20.4,31.6,95.1,189.7,12.0,1.94,0.022,71.9,183.59,25.01,5.715,810.68,6.01,0.217,63.0,30.17
Wire EDM,Aluminum,194.4,41.5,68.6,238.1,238.5,12.0,2.6,0.075,71.5,541.85,22.15,8.008,5379.66,3.27,0.355,55.8,39.77
Wire EDM,Mild Steel,180.3,44.9,94.0,102.1,182.2,18.6,2.57,0.057,34.6,748.7,47.48,8.109,1988.87,8.43,0.822,99.7,36.12
Wire EDM,Stainless Steel,296.4,53.4,10.0,182.2,357.2,22.5,3.73,0.055,57.5,160.78,5.24,15.958,4005.84,3.37,0.096,13.1,68.96
Wire EDM,Stainless Steel,85.2,41.6,48.3,189.5,123.3,8.4,4.74,0.117,38.0,171.95,20.24,3.578,1042.94,7.42,0.307,50.4,18.66
Wire EDM,Stainless Steel,295.5,24.3,146.6,89.4,392.1,4.5,2.0,0.044,26.9,1075.06,62.04,7.203,1893.01,12.57,0.601,99.1,35.06
Wire EDM,Titanium,292.9,30.6,72.4,123.2,312.2,6.3,3.22,0.068,7.6,638.44,36.77,9.035,997.26,16.97,0.683,93.1,39.11
Wire EDM,Titanium,67.9,15.3,190.3,235.4,328.6,23.9,1.04,0.085,28.4,202.62,44.76,1.036,547.69,27.16,0.203,100.0,12.55
Wire EDM,Aluminum,292.3,28.1,79.9,191.0,329.7,6.1,1.47,0.015,65.8,643.5,29.7,8.212,5128.99,3.56,0.309,73.6,42.16
Wire EDM,Stainless Steel,277.3,33.1,9.7,239.5,330.8,19.9,3.74,0.043,76.9,90.16,3.86,9.114,2217.97,3.31,0.059,9.7,44.6
Wire EDM,Copper,284.6,53.7,103.6,187.8,346.5,18.7,2.25,0.089,46.7,1569.99,35.77,15.13,9751.03,3.93,0.62,88.0,65.85
Wire EDM,Copper,119.7,37.5,30.6,39.4,81.9,3.5,2.66,0.1,33.1,134.17,44.06,4.511,1630.42,2.21,0.229,99.8,22.05
Wire EDM,Stainless Steel,105.1,20.5,170.3,156.3,387.4,6.9,1.47,0.031,17.5,366.31,52.57,2.147,1588.9,13.57,0.208,98.6,17.51
Wire EDM,Copper,200.0,53.7,102.0,93.1,260.3,8.2,2.91,0.069,9.3,1103.45,52.1,10.784,7617.55,4.09,0.551,98.9,47.56
Wire EDM,Aluminum,164.2,33.5,94.8,242.0,171.4,9.4,4.9,0.059,9.8,523.28,27.96,5.47,3146.56,3.81,0.479,70.4,25.01
Wire EDM,Mild Steel,219.9,8.4,61.0,159.3,246.5,16.7,3.79,0.12,37.4,113.78,27.73,1.864,508.69,6.75,0.09,69.2,14.96
Wire EDM,Tungsten Carbide,153.3,31.6,166.1,167.8,363.5,19.7,4.18,0.019,42.5,784.8,49.62,4.81,637.8,48.91,1.139,99.6,26.54
Wire EDM,Stainless Steel,256.4,17.2,9.5,161.4,236.1,20.3,2.42,0.134,74.0,41.82,5.54,4.37,812.23,3.11,0.039,13.9,26.29
Wire EDM,Stainless Steel,83.2,7.5,138.2,195.4,284.8,24.8,3.72,0.044,61.4,84.32,41.57,0.625,449.54,11.95,0.068,99.8,12.41
Wire EDM,Brass,173.2,59.4,125.7,62.9,358.6,13.9,1.65,0.038,44.4,1283.82,66.41,10.387,8469.59,6.04,0.589,99.9,47.17
Wire EDM,Titanium,55.0,13.0,139.5,138.7,382.3,18.2,2.32,0.051,78.1,98.8,50.24,0.709,541.0,23.33,0.086,99.3,15.63
Wire EDM,Stainless Steel,67.2,19.6,28.3,207.2,324.7,22.7,1.74,0.063,30.5,37.2,12.0,1.325,1303.84,5.4,0.026,30.1,14.1
Wire EDM,Tungsten Carbide,207.9,49.0,83.3,151.0,312.7,17.9,2.64,0.097,33.2,862.0,35.78,10.205,834.11,34.61,1.341,88.2,43.85
Wire EDM,Tungsten Carbide,80.5,31.6,96.0,143.8,187.6,9.8,2.85,0.114,8.0,238.24,39.68,2.552,322.19,37.73,0.669,99.9,14.25
Wire EDM,Inconel,159.1,7.9,172.1,284.9,186.8,3.2,1.56,0.068,38.0,212.33,38.0,1.252,117.22,34.93,0.465,94.6,11.31
Wire EDM,Mild Steel,199.7,32.2,11.2,256.3,132.8,5.8,4.89,0.052,54.6,71.27,4.15,6.458,1043.19,2.88,0.11,10.6,29.68
Wire EDM,Brass,221.2,19.8,162.3,136.9,129.2,16.2,1.69,0.122,60.7,725.32,54.21,4.34,1027.1,6.96,0.909,100.4,23.38
Wire EDM,Stainless Steel,170.5,21.5,171.8,131.8,387.6,23.8,1.85,0.036,71.7,624.72,56.58,3.675,1732.88,13.3,0.368,99.3,25.93
Wire EDM,Stainless Steel,186.0,30.9,168.6,278.5,278.7,12.1,2.25,0.058,60.3,979.3,37.91,5.804,1774.4,13.51,0.79,94.1,30.1
Wire EDM,Aluminum,129.3,24.6,62.0,210.2,314.5,13.1,1.03,0.123,27.7,201.34,22.76,3.154,4161.19,3.06,0.095,56.7,21.03
Wire EDM,Brass,135.5,23.5,158.9,210.6,238.6,18.5,3.96,0.122,15.7,516.42,42.64,3.204,2299.2,6.54,0.355,98.8,19.4
Wire EDM,Brass,260.5,55.3,54.2,221.4,354.1,15.1,2.02,0.086,24.2,772.15,19.61,14.379,7642.61,4.01,0.369,49.0,59.34
Wire EDM,Aluminum,199.5,26.5,104.0,263.1,289.1,4.2,2.03,0.043,19.8,561.34,28.28,5.335,4165.81,4.09,0.295,70.4,27.78
Wire EDM,Stainless Steel,137.1,29.2,134.9,195.1,138.1,13.1,1.99,0.076,59.6,551.43,40.5,3.974,841.39,11.9,0.893,99.3,22.07
Wire EDM,Stainless Steel,77.1,55.3,64.1,171.0,241.1,5.8,4.37,0.111,24.8,275.11,27.24,4.247,2777.79,8.23,0.253,67.5,23.18
Wire EDM,Inconel,113.2,25.8,195.8,137.2,295.4,7.7,1.57,0.079,56.9,574.43,58.33,2.945,581.22,37.1,0.769,99.7,20.34
Wire EDM,Aluminum,227.4,40.2,36.7,97.4,358.1,23.2,1.32,0.096,70.9,338.26,27.39,9.159,7887.68,2.44,0.143,68.4,46.2
Wire EDM,Tungsten Carbide,236.4,22.6,169.4,206.6,344.6,7.2,1.15,0.028,43.4,910.8,45.33,5.354,441.79,50.65,1.303,98.6,28.71
Wire EDM,Mild Steel,291.8,25.4,58.9,144.5,293.1,19.2,3.85,0.099,35.4,441.05,28.81,7.404,1852.28,6.72,0.291,72.3,35.47
Wire EDM,Aluminum,120.5,34.2,174.6,229.9,326.4,6.1,4.08,0.097,32.5,713.39,42.8,4.086,6032.8,5.3,0.334,98.7,25.44
Wire EDM,Brass,122.2,47.6,87.3,157.4,84.1,19.5,1.43,0.033,22.1,501.52,35.93,5.847,1571.62,4.91,1.031,88.7,25.83
Wire EDM,Tungsten Carbide,91.1,17.8,69.6,131.2,241.7,14.4,1.91,0.035,74.4,111.61,34.42,1.632,232.62,32.71,0.232,86.4,15.22
Wire EDM,Brass,182.3,7.2,58.1,65.1,99.8,11.1,2.97,0.06,21.5,76.2,47.23,1.323,293.73,4.15,0.126,99.9,10.03
Wire EDM,Aluminum,72.2,30.6,119.0,118.0,119.3,3.5,2.09,0.102,77.0,269.02,50.69,2.196,1975.19,4.39,0.345,98.6,16.16
Wire EDM,Brass,192.0,44.1,159.2,137.6,173.0,20.1,2.07,0.089,36.1,1334.58,54.09,8.513,3040.45,6.9,1.304,99.2,37.9
Wire EDM,Titanium,162.2,34.2,22.2,52.8,69.3,22.5,1.59,0.036,21.0,123.28,29.6,5.503,261.52,9.07,0.586,73.6,23.25
Wire EDM,Inconel,210.8,25.3,22.2,23.6,295.5,7.5,1.74,0.033,40.1,118.08,48.17,5.355,596.46,12.81,0.161,98.7,26.88
Wire EDM,Stainless Steel,111.1,53.8,30.6,230.5,126.4,6.7,3.54,0.131,37.3,181.73,11.64,5.936,1351.09,5.69,0.33,29.5,27.05
Wire EDM,Aluminum,53.9,17.2,40.1,265.1,398.9,16.3,1.01,0.05,13.0,36.95,13.1,0.926,3769.77,2.48,0.014,32.6,14.87
Wire EDM,Mild Steel,91.9,50.3,6.4,238.9,177.4,8.6,2.93,0.124,17.4,30.33,2.62,4.621,2255.48,2.13,0.034,6.6,22.63
Wire EDM,Brass,92.8,19.1,67.2,38.8,377.8,21.9,1.69,0.112,9.0,118.72,62.92,1.779,2805.32,4.46,0.054,99.9,16.63
Wire EDM,Mild Steel,270.7,56.1,102.7,117.4,324.1,15.6,3.47,0.136,25.2,1577.54,46.91,15.088,4412.84,8.61,0.959,99.5,61.2
Wire EDM,Brass,128.5,44.4,163.2,281.0,373.1,14.8,3.35,0.144,43.4,918.4,36.49,5.692,6772.65,6.8,0.409,91.4,31.61
Wire EDM,Titanium,52.9,53.8,50.8,86.6,86.6,12.9,2.31,0.042,59.4,140.8,36.9,2.848,497.67,14.05,0.559,92.4,15.42
Wire EDM,Titanium,252.5,17.5,15.4,27.7,144.1,11.7,2.21,0.038,24.7,67.9,35.38,4.41,273.26,7.69,0.16,89.3,20.94
Wire EDM,Brass,128.6,24.2,184.4,134.7,215.1,3.9,2.86,0.069,53.4,588.74,58.01,3.105,2134.65,7.37,0.436,99.4,20.08
Wire EDM,Copper,162.5,16.9,106.3,286.0,208.1,13.8,2.54,0.073,16.8,292.14,27.23,2.771,1867.58,4.06,0.186,67.3,17.34
Wire EDM,Brass,88.9,37.3,108.2,291.8,288.2,21.8,3.24,0.143,6.4,359.14,26.97,3.347,4249.98,5.39,0.204,67.1,19.7
Wire EDM,Titanium,96.6,18.6,8.9,296.4,197.0,3.7,4.37,0.139,45.9,15.72,2.93,1.802,391.53,5.77,0.027,7.3,14.08
Wire EDM,Mild Steel,267.8,43.3,144.7,285.3,289.8,20.7,2.89,0.138,36.6,1631.73,33.53,11.66,3156.05,10.17,1.162,83.4,51.03
Wire EDM,Tungsten Carbide,155.1,59.1,52.9,199.4,363.6,11.5,2.69,0.025,72.9,477.12,21.1,9.218,1171.36,28.23,0.652,52.0,43.92
Wire EDM,Brass,52.6,41.4,74.6,183.8,395.1,6.8,3.51,0.026,67.0,157.83,28.8,2.16,6626.69,4.62,0.068,72.6,20.94
Wire EDM,Aluminum,180.9,36.3,68.7,171.7,124.2,9.9,3.66,0.136,73.4,443.7,28.53,6.584,2463.03,3.27,0.554,71.5,31.02
Wire EDM,Mild Steel,94.0,40.3,113.2,183.6,383.7,14.9,3.43,0.076,22.1,428.83,38.42,3.787,3872.85,9.29,0.221,95.2,24.44
Wire EDM,Copper,244.0,34.2,147.1,136.1,109.4,19.3,1.54,0.109,69.6,1218.6,52.07,8.274,2044.11,4.73,1.458,98.8,38.39
Wire EDM,Brass,59.5,38.4,197.7,106.0,67.6,14.3,3.52,0.069,11.8,449.83,64.76,2.298,1030.04,7.32,1.147,100.2,12.24
Wire EDM,Stainless Steel,90.4,45.2,155.4,128.0,260.6,18.9,3.74,0.053,70.2,622.77,54.45,4.074,2348.97,13.05,0.539,99.1,24.42
Wire EDM,Tungsten Carbide,295.7,31.9,23.2,116.8,201.2,17.9,1.92,0.025,8.3,223.82,16.55,9.429,366.91,18.81,0.559,41.7,37.69
Wire EDM,Mild Steel,187.1,23.5,140.5,87.9,179.9,21.8,1.78,0.019,9.0,612.83,61.81,4.432,1026.71,9.93,0.674,99.4,21.8
Wire EDM,Brass,258.9,30.1,93.7,280.0,165.7,18.6,1.81,0.018,20.7,713.07,25.12,7.85,2010.09,5.15,0.72,62.8,34.72
Wire EDM,Copper,225.3,40.5,93.3,242.2,316.6,19.3,4.66,0.112,71.9,874.54,28.08,9.175,6840.49,3.73,0.369,69.6,46.02
Wire EDM,Brass,86.2,6.3,39.5,104.5,184.7,10.7,2.15,0.107,33.6,21.19,27.67,0.539,475.31,3.39,0.019,69.2,9.45
